source_model,target_model,alignment_size,repeat,acc,f1
roberta-base,bert-base-uncased,2,0,0.15,0.06
roberta-base,bert-base-uncased,2,1,0.275,0.16361290322580646
roberta-base,bert-base-uncased,2,2,0.15,0.06315789473684211
roberta-base,bert-base-uncased,2,3,0.225,0.10747474747474747
roberta-base,bert-base-uncased,2,4,0.25,0.13689839572192514
roberta-base,bert-base-uncased,2,5,0.275,0.15968379446640318
roberta-base,bert-base-uncased,2,6,0.1,0.03809523809523809
roberta-base,bert-base-uncased,2,7,0.1,0.05714285714285714
roberta-base,bert-base-uncased,2,8,0.375,0.31428571428571433
roberta-base,bert-base-uncased,2,9,0.2,0.095
roberta-base,bert-base-uncased,2,10,0.225,0.11812865497076022
roberta-base,bert-base-uncased,2,11,0.275,0.1496443812233286
roberta-base,bert-base-uncased,2,12,0.35,0.20102564102564102
roberta-base,bert-base-uncased,2,13,0.125,0.07114624505928854
roberta-base,bert-base-uncased,2,14,0.175,0.07179487179487179
roberta-base,bert-base-uncased,2,15,0.175,0.06829268292682927
roberta-base,bert-base-uncased,2,16,0.25,0.13832258064516129
roberta-base,bert-base-uncased,2,17,0.3,0.2663003663003663
roberta-base,bert-base-uncased,2,18,0.125,0.07114624505928854
roberta-base,bert-base-uncased,2,19,0.15,0.05714285714285714
roberta-base,bert-base-uncased,2,20,0.25,0.14756258234519104
roberta-base,bert-base-uncased,2,21,0.15,0.08684546615581099
roberta-base,bert-base-uncased,2,22,0.125,0.06811145510835913
roberta-base,bert-base-uncased,2,23,0.275,0.17272727272727273
roberta-base,bert-base-uncased,2,24,0.2,0.11200000000000002
roberta-base,bert-base-uncased,2,25,0.175,0.06666666666666667
roberta-base,bert-base-uncased,2,26,0.2,0.08
roberta-base,bert-base-uncased,2,27,0.275,0.1742690058479532
roberta-base,bert-base-uncased,2,28,0.125,0.06524064171122994
roberta-base,bert-base-uncased,2,29,0.275,0.15988620199146514
roberta-base,bert-base-uncased,4,0,0.25,0.2245925925925926
roberta-base,bert-base-uncased,4,1,0.275,0.1619047619047619
roberta-base,bert-base-uncased,4,2,0.2,0.14413484692122464
roberta-base,bert-base-uncased,4,3,0.2,0.11545338441890166
roberta-base,bert-base-uncased,4,4,0.275,0.27854145854145856
roberta-base,bert-base-uncased,4,5,0.325,0.18333333333333335
roberta-base,bert-base-uncased,4,6,0.275,0.16031746031746033
roberta-base,bert-base-uncased,4,7,0.25,0.18968253968253967
roberta-base,bert-base-uncased,4,8,0.275,0.2265873015873016
roberta-base,bert-base-uncased,4,9,0.2,0.09858585858585858
roberta-base,bert-base-uncased,4,10,0.25,0.14204545454545453
roberta-base,bert-base-uncased,4,11,0.175,0.0969187675070028
roberta-base,bert-base-uncased,4,12,0.225,0.15777777777777777
roberta-base,bert-base-uncased,4,13,0.2,0.09696969696969697
roberta-base,bert-base-uncased,4,14,0.3,0.23179487179487182
roberta-base,bert-base-uncased,4,15,0.275,0.16591251885369532
roberta-base,bert-base-uncased,4,16,0.4,0.2328042328042328
roberta-base,bert-base-uncased,4,17,0.275,0.20987012987012985
roberta-base,bert-base-uncased,4,18,0.275,0.2166666666666667
roberta-base,bert-base-uncased,4,19,0.45,0.3698850574712644
roberta-base,bert-base-uncased,4,20,0.3,0.22550724637681158
roberta-base,bert-base-uncased,4,21,0.275,0.25390749601275914
roberta-base,bert-base-uncased,4,22,0.275,0.22815249266862167
roberta-base,bert-base-uncased,4,23,0.275,0.19756387403446224
roberta-base,bert-base-uncased,4,24,0.175,0.08666666666666667
roberta-base,bert-base-uncased,4,25,0.125,0.14912256202578783
roberta-base,bert-base-uncased,4,26,0.225,0.1216260162601626
roberta-base,bert-base-uncased,4,27,0.075,0.02857142857142857
roberta-base,bert-base-uncased,4,28,0.525,0.4336363636363636
roberta-base,bert-base-uncased,4,29,0.15,0.08582375478927202
roberta-base,bert-base-uncased,6,0,0.325,0.24148648648648646
roberta-base,bert-base-uncased,6,1,0.45,0.42087542087542085
roberta-base,bert-base-uncased,6,2,0.275,0.15714285714285714
roberta-base,bert-base-uncased,6,3,0.475,0.3955773955773956
roberta-base,bert-base-uncased,6,4,0.3,0.17069701280227595
roberta-base,bert-base-uncased,6,5,0.325,0.2647697130455751
roberta-base,bert-base-uncased,6,6,0.425,0.31315789473684214
roberta-base,bert-base-uncased,6,7,0.45,0.41611721611721614
roberta-base,bert-base-uncased,6,8,0.275,0.1508771929824561
roberta-base,bert-base-uncased,6,9,0.35,0.25895281189398833
roberta-base,bert-base-uncased,6,10,0.45,0.3539393939393939
roberta-base,bert-base-uncased,6,11,0.275,0.22178440754292147
roberta-base,bert-base-uncased,6,12,0.225,0.14511627906976746
roberta-base,bert-base-uncased,6,13,0.275,0.2400999000999001
roberta-base,bert-base-uncased,6,14,0.375,0.29965034965034965
roberta-base,bert-base-uncased,6,15,0.25,0.1422924901185771
roberta-base,bert-base-uncased,6,16,0.5,0.4567521367521367
roberta-base,bert-base-uncased,6,17,0.35,0.2846479500891266
roberta-base,bert-base-uncased,6,18,0.475,0.4100899100899101
roberta-base,bert-base-uncased,6,19,0.3,0.17341935483870968
roberta-base,bert-base-uncased,6,20,0.225,0.13333333333333336
roberta-base,bert-base-uncased,6,21,0.5,0.4974160037775599
roberta-base,bert-base-uncased,6,22,0.3,0.21411764705882358
roberta-base,bert-base-uncased,6,23,0.4,0.30314513073133764
roberta-base,bert-base-uncased,6,24,0.4,0.29213675213675216
roberta-base,bert-base-uncased,6,25,0.4,0.34941900205058096
roberta-base,bert-base-uncased,6,26,0.525,0.4866666666666667
roberta-base,bert-base-uncased,6,27,0.25,0.18376068376068375
roberta-base,bert-base-uncased,6,28,0.425,0.3391304347826087
roberta-base,bert-base-uncased,6,29,0.35,0.20541935483870968
roberta-base,bert-base-uncased,8,0,0.4,0.32379679144385026
roberta-base,bert-base-uncased,8,1,0.35,0.2640182186234818
roberta-base,bert-base-uncased,8,2,0.325,0.21616161616161617
roberta-base,bert-base-uncased,8,3,0.3,0.254314381270903
roberta-base,bert-base-uncased,8,4,0.35,0.2930875576036866
roberta-base,bert-base-uncased,8,5,0.55,0.48119075970469155
roberta-base,bert-base-uncased,8,6,0.45,0.3646652864044168
roberta-base,bert-base-uncased,8,7,0.325,0.25255920550038197
roberta-base,bert-base-uncased,8,8,0.275,0.19083139083139083
roberta-base,bert-base-uncased,8,9,0.35,0.29074074074074074
roberta-base,bert-base-uncased,8,10,0.325,0.21912225705329152
roberta-base,bert-base-uncased,8,11,0.325,0.2561808561808562
roberta-base,bert-base-uncased,8,12,0.3,0.17180500658761527
roberta-base,bert-base-uncased,8,13,0.4,0.360910815939279
roberta-base,bert-base-uncased,8,14,0.2,0.11428571428571428
roberta-base,bert-base-uncased,8,15,0.275,0.1619047619047619
roberta-base,bert-base-uncased,8,16,0.525,0.48069153069153076
roberta-base,bert-base-uncased,8,17,0.35,0.3014386019659853
roberta-base,bert-base-uncased,8,18,0.5,0.4428292954608744
roberta-base,bert-base-uncased,8,19,0.375,0.3193148880105402
roberta-base,bert-base-uncased,8,20,0.35,0.29442340342170564
roberta-base,bert-base-uncased,8,21,0.35,0.3094573925158633
roberta-base,bert-base-uncased,8,22,0.45,0.3719298245614035
roberta-base,bert-base-uncased,8,23,0.325,0.2492929292929293
roberta-base,bert-base-uncased,8,24,0.45,0.3478518518518518
roberta-base,bert-base-uncased,8,25,0.45,0.356
roberta-base,bert-base-uncased,8,26,0.275,0.19142901667445847
roberta-base,bert-base-uncased,8,27,0.35,0.254974358974359
roberta-base,bert-base-uncased,8,28,0.3,0.21666666666666665
roberta-base,bert-base-uncased,8,29,0.45,0.43272727272727274
roberta-base,bert-base-uncased,10,0,0.425,0.3515918195235083
roberta-base,bert-base-uncased,10,1,0.625,0.5773302822273074
roberta-base,bert-base-uncased,10,2,0.575,0.5385396825396825
roberta-base,bert-base-uncased,10,3,0.55,0.48484848484848475
roberta-base,bert-base-uncased,10,4,0.5,0.4424242424242424
roberta-base,bert-base-uncased,10,5,0.55,0.49849624060150377
roberta-base,bert-base-uncased,10,6,0.375,0.2827586206896552
roberta-base,bert-base-uncased,10,7,0.425,0.3481481481481482
roberta-base,bert-base-uncased,10,8,0.55,0.4800507099391481
roberta-base,bert-base-uncased,10,9,0.25,0.21046431046431047
roberta-base,bert-base-uncased,10,10,0.575,0.5224444444444445
roberta-base,bert-base-uncased,10,11,0.55,0.4856166056166056
roberta-base,bert-base-uncased,10,12,0.45,0.424963924963925
roberta-base,bert-base-uncased,10,13,0.45,0.40698412698412706
roberta-base,bert-base-uncased,10,14,0.35,0.26536796536796536
roberta-base,bert-base-uncased,10,15,0.425,0.3238866396761133
roberta-base,bert-base-uncased,10,16,0.475,0.43829059829059824
roberta-base,bert-base-uncased,10,17,0.4,0.29167914438502673
roberta-base,bert-base-uncased,10,18,0.5,0.45939393939393935
roberta-base,bert-base-uncased,10,19,0.325,0.25032258064516133
roberta-base,bert-base-uncased,10,20,0.425,0.32518286311389755
roberta-base,bert-base-uncased,10,21,0.45,0.38995475113122174
roberta-base,bert-base-uncased,10,22,0.325,0.23982683982683986
roberta-base,bert-base-uncased,10,23,0.35,0.23411764705882349
roberta-base,bert-base-uncased,10,24,0.275,0.20517470145953118
roberta-base,bert-base-uncased,10,25,0.525,0.5189342339806735
roberta-base,bert-base-uncased,10,26,0.45,0.408517536103743
roberta-base,bert-base-uncased,10,27,0.4,0.3455606758832565
roberta-base,bert-base-uncased,10,28,0.4,0.3566233766233766
roberta-base,bert-base-uncased,10,29,0.5,0.39384615384615385
roberta-base,bert-base-uncased,15,0,0.5,0.4148148148148148
roberta-base,bert-base-uncased,15,1,0.375,0.2540914158305463
roberta-base,bert-base-uncased,15,2,0.35,0.25546536796536795
roberta-base,bert-base-uncased,15,3,0.55,0.47272727272727266
roberta-base,bert-base-uncased,15,4,0.325,0.19045092838196287
roberta-base,bert-base-uncased,15,5,0.625,0.5845962732919254
roberta-base,bert-base-uncased,15,6,0.575,0.46953216374269
roberta-base,bert-base-uncased,15,7,0.375,0.2879375696767001
roberta-base,bert-base-uncased,15,8,0.6,0.5782272498743086
roberta-base,bert-base-uncased,15,9,0.425,0.3472885111329047
roberta-base,bert-base-uncased,15,10,0.575,0.5277690700104494
roberta-base,bert-base-uncased,15,11,0.45,0.4141714915908465
roberta-base,bert-base-uncased,15,12,0.275,0.2476097002412792
roberta-base,bert-base-uncased,15,13,0.625,0.5869218500797448
roberta-base,bert-base-uncased,15,14,0.5,0.3818597878094446
roberta-base,bert-base-uncased,15,15,0.375,0.2518518518518518
roberta-base,bert-base-uncased,15,16,0.5,0.448149511307406
roberta-base,bert-base-uncased,15,17,0.575,0.5024242424242424
roberta-base,bert-base-uncased,15,18,0.4,0.29376581550494596
roberta-base,bert-base-uncased,15,19,0.5,0.40860781730346946
roberta-base,bert-base-uncased,15,20,0.5,0.42226662226662226
roberta-base,bert-base-uncased,15,21,0.625,0.5968870895186684
roberta-base,bert-base-uncased,15,22,0.55,0.5256390977443609
roberta-base,bert-base-uncased,15,23,0.525,0.47435701553348614
roberta-base,bert-base-uncased,15,24,0.45,0.35211744776962167
roberta-base,bert-base-uncased,15,25,0.4,0.34246642246642245
roberta-base,bert-base-uncased,15,26,0.45,0.34028985507246373
roberta-base,bert-base-uncased,15,27,0.55,0.5610346642604707
roberta-base,bert-base-uncased,15,28,0.425,0.3023488255872064
roberta-base,bert-base-uncased,15,29,0.55,0.5218070818070818
roberta-base,bert-base-uncased,20,0,0.55,0.5148989898989899
roberta-base,bert-base-uncased,20,1,0.625,0.6007148407148407
roberta-base,bert-base-uncased,20,2,0.625,0.5687032967032967
roberta-base,bert-base-uncased,20,3,0.65,0.6109221772379667
roberta-base,bert-base-uncased,20,4,0.725,0.6974966828836798
roberta-base,bert-base-uncased,20,5,0.675,0.6076190476190476
roberta-base,bert-base-uncased,20,6,0.475,0.429817911557042
roberta-base,bert-base-uncased,20,7,0.6,0.5237768994290734
roberta-base,bert-base-uncased,20,8,0.575,0.49270588235294116
roberta-base,bert-base-uncased,20,9,0.675,0.6696037296037296
roberta-base,bert-base-uncased,20,10,0.575,0.46953216374269
roberta-base,bert-base-uncased,20,11,0.7,0.701032301032301
roberta-base,bert-base-uncased,20,12,0.65,0.5818654775176514
roberta-base,bert-base-uncased,20,13,0.5,0.4299808429118774
roberta-base,bert-base-uncased,20,14,0.65,0.6327269260106788
roberta-base,bert-base-uncased,20,15,0.6,0.5543609469306064
roberta-base,bert-base-uncased,20,16,0.6,0.5732193732193732
roberta-base,bert-base-uncased,20,17,0.6,0.5380329611908559
roberta-base,bert-base-uncased,20,18,0.4,0.3140344357735662
roberta-base,bert-base-uncased,20,19,0.55,0.4709788421297373
roberta-base,bert-base-uncased,20,20,0.575,0.5014718614718615
roberta-base,bert-base-uncased,20,21,0.625,0.566111111111111
roberta-base,bert-base-uncased,20,22,0.65,0.6165747702589808
roberta-base,bert-base-uncased,20,23,0.575,0.5477777777777778
roberta-base,bert-base-uncased,20,24,0.65,0.5938461538461539
roberta-base,bert-base-uncased,20,25,0.7,0.658796992481203
roberta-base,bert-base-uncased,20,26,0.625,0.5880451574569221
roberta-base,bert-base-uncased,20,27,0.5,0.37402597402597404
roberta-base,bert-base-uncased,20,28,0.55,0.4914285714285714
roberta-base,bert-base-uncased,20,29,0.625,0.6077777777777778
roberta-base,bert-base-uncased,48,0,0.7,0.6680701754385965
roberta-base,bert-base-uncased,48,1,0.7,0.6680701754385965
roberta-base,bert-base-uncased,48,2,0.7,0.6680701754385965
roberta-base,bert-base-uncased,48,3,0.7,0.6680701754385965
roberta-base,bert-base-uncased,48,4,0.7,0.6680701754385965
roberta-base,bert-base-uncased,48,5,0.7,0.6680701754385965
roberta-base,bert-base-uncased,48,6,0.7,0.6680701754385965
roberta-base,bert-base-uncased,48,7,0.7,0.6680701754385965
roberta-base,bert-base-uncased,48,8,0.7,0.6680701754385965
roberta-base,bert-base-uncased,48,9,0.7,0.6680701754385965
roberta-base,bert-base-uncased,48,10,0.7,0.6680701754385965
roberta-base,bert-base-uncased,48,11,0.7,0.6680701754385965
roberta-base,bert-base-uncased,48,12,0.7,0.6680701754385965
roberta-base,bert-base-uncased,48,13,0.7,0.6680701754385965
roberta-base,bert-base-uncased,48,14,0.7,0.6680701754385965
roberta-base,bert-base-uncased,48,15,0.7,0.6680701754385965
roberta-base,bert-base-uncased,48,16,0.7,0.6680701754385965
roberta-base,bert-base-uncased,48,17,0.7,0.6680701754385965
roberta-base,bert-base-uncased,48,18,0.7,0.6680701754385965
roberta-base,bert-base-uncased,48,19,0.7,0.6680701754385965
roberta-base,bert-base-uncased,48,20,0.7,0.6680701754385965
roberta-base,bert-base-uncased,48,21,0.7,0.6680701754385965
roberta-base,bert-base-uncased,48,22,0.7,0.6680701754385965
roberta-base,bert-base-uncased,48,23,0.7,0.6680701754385965
roberta-base,bert-base-uncased,48,24,0.7,0.6680701754385965
roberta-base,bert-base-uncased,48,25,0.7,0.6680701754385965
roberta-base,bert-base-uncased,48,26,0.7,0.6680701754385965
roberta-base,bert-base-uncased,48,27,0.7,0.6680701754385965
roberta-base,bert-base-uncased,48,28,0.7,0.6680701754385965
roberta-base,bert-base-uncased,48,29,0.7,0.6680701754385965
