model,language,template_id,representation,row_cosine,norm_ratio_pos_over_neg
xlm-roberta-base,en,0,mean_pool,0.9074130654335022,0.9619459509849548
xlm-roberta-base,en,1,mean_pool,0.8940948843955994,0.8869588971138
xlm-roberta-base,en,2,mean_pool,0.8713470101356506,1.011237621307373
xlm-roberta-base,en,3,mean_pool,0.8738756775856018,0.9297952055931091
xlm-roberta-base,en,4,mean_pool,0.9140133857727051,0.8587785363197327
xlm-roberta-base,en,5,mean_pool,0.9106723070144653,0.8237526416778564
xlm-roberta-base,en,6,mean_pool,0.905025839805603,0.9929338693618774
xlm-roberta-base,en,7,mean_pool,0.9194983243942261,0.9705828428268433
xlm-roberta-base,en,8,mean_pool,0.9256402850151062,0.921491265296936
xlm-roberta-base,en,9,mean_pool,0.922178328037262,0.9436590075492859
xlm-roberta-base,en,10,mean_pool,0.8617357015609741,0.9450085163116455
xlm-roberta-base,en,11,mean_pool,0.8965073227882385,0.9547198414802551
xlm-roberta-base,en,12,mean_pool,0.9332645535469055,0.8507860898971558
xlm-roberta-base,en,13,mean_pool,0.8906916379928589,0.9464384913444519
xlm-roberta-base,en,14,mean_pool,0.9332522749900818,0.9627858400344849
xlm-roberta-base,en,15,mean_pool,0.90609210729599,1.0077391862869263
xlm-roberta-base,en,16,mean_pool,0.9324930906295776,0.9647924304008484
xlm-roberta-base,en,17,mean_pool,0.9281610250473022,0.9297652244567871
xlm-roberta-base,en,18,mean_pool,0.9216921329498291,0.9305713772773743
xlm-roberta-base,en,19,mean_pool,0.8826109170913696,0.9579397439956665
xlm-roberta-base,en,20,mean_pool,0.9116291999816895,1.0217278003692627
xlm-roberta-base,en,21,mean_pool,0.942340612411499,0.9946206212043762
xlm-roberta-base,en,22,mean_pool,0.8446622490882874,0.9539681077003479
xlm-roberta-base,en,23,mean_pool,0.9271587133407593,0.9394575357437134
xlm-roberta-base,en,24,mean_pool,0.8892356753349304,0.9376606345176697
xlm-roberta-base,en,25,mean_pool,0.883993923664093,0.8464983105659485
xlm-roberta-base,en,26,mean_pool,0.9027615785598755,0.962663471698761
xlm-roberta-base,en,27,mean_pool,0.9010362029075623,0.9693050980567932
xlm-roberta-base,en,28,mean_pool,0.8506718277931213,0.9260514974594116
xlm-roberta-base,en,29,mean_pool,0.9119582176208496,0.9641129970550537
xlm-roberta-base,en,30,mean_pool,0.8937721252441406,0.8868216276168823
xlm-roberta-base,en,31,mean_pool,0.9394911527633667,1.0312182903289795
xlm-roberta-base,en,32,mean_pool,0.8938489556312561,0.9030898809432983
xlm-roberta-base,en,33,mean_pool,0.9217187762260437,0.9144620299339294
xlm-roberta-base,en,34,mean_pool,0.9362779855728149,0.9407480359077454
xlm-roberta-base,en,35,mean_pool,0.9046899676322937,0.8660075068473816
xlm-roberta-base,en,36,mean_pool,0.915456235408783,0.9302956461906433
xlm-roberta-base,en,37,mean_pool,0.9276025295257568,0.8758610486984253
xlm-roberta-base,en,38,mean_pool,0.8952508568763733,0.9217100739479065
xlm-roberta-base,en,39,mean_pool,0.9079678654670715,0.9511851668357849
xlm-roberta-base,en,40,mean_pool,0.9099708199501038,0.926851212978363
xlm-roberta-base,en,41,mean_pool,0.9169402718544006,0.8166609406471252
xlm-roberta-base,en,42,mean_pool,0.8745412826538086,0.8608255982398987
xlm-roberta-base,en,43,mean_pool,0.904556155204773,1.151627540588379
xlm-roberta-base,en,44,mean_pool,0.9126272201538086,0.940207302570343
xlm-roberta-base,en,45,mean_pool,0.9053893089294434,0.9735811948776245
xlm-roberta-base,en,46,mean_pool,0.9239779710769653,0.816338300704956
xlm-roberta-base,en,47,mean_pool,0.8858810067176819,0.962253987789154
xlm-roberta-base,en,48,mean_pool,0.9096733927726746,0.9420229196548462
xlm-roberta-base,en,49,mean_pool,0.8903086185455322,0.9791480302810669
xlm-roberta-base,en,50,mean_pool,0.8445605039596558,0.9702640175819397
xlm-roberta-base,en,51,mean_pool,0.8967891335487366,0.9527949690818787
xlm-roberta-base,en,52,mean_pool,0.8602525591850281,1.0338433980941772
xlm-roberta-base,en,53,mean_pool,0.9121952652931213,0.8834561109542847
xlm-roberta-base,en,54,mean_pool,0.9279338717460632,0.9609427452087402
xlm-roberta-base,en,55,mean_pool,0.9259732961654663,0.9129854440689087
xlm-roberta-base,en,56,mean_pool,0.8948045969009399,0.9699392318725586
xlm-roberta-base,en,57,mean_pool,0.940633237361908,0.8942530751228333
xlm-roberta-base,en,58,mean_pool,0.9060568809509277,0.8979254961013794
xlm-roberta-base,en,59,mean_pool,0.9113628268241882,0.8373385071754456
xlm-roberta-base,en,60,mean_pool,0.9272015690803528,0.9269235730171204
xlm-roberta-base,en,61,mean_pool,0.8428508043289185,0.7862450480461121
xlm-roberta-base,en,62,mean_pool,0.903639554977417,0.9816368222236633
xlm-roberta-base,en,63,mean_pool,0.8933023810386658,0.9810370802879333
xlm-roberta-base,en,64,mean_pool,0.8511279225349426,0.9535551071166992
xlm-roberta-base,en,65,mean_pool,0.9126578569412231,0.999286949634552
xlm-roberta-base,en,66,mean_pool,0.8478615880012512,0.9133803844451904
xlm-roberta-base,en,67,mean_pool,0.8191012144088745,0.7965617179870605
xlm-roberta-base,en,68,mean_pool,0.9032166600227356,0.8853577971458435
xlm-roberta-base,en,69,mean_pool,0.9064109921455383,0.8285699486732483
xlm-roberta-base,en,70,mean_pool,0.7839588522911072,0.7423701286315918
xlm-roberta-base,en,71,mean_pool,0.8890770673751831,1.0023958683013916
xlm-roberta-base,en,72,mean_pool,0.8360485434532166,0.9404208660125732
xlm-roberta-base,en,73,mean_pool,0.8585951328277588,0.9476673603057861
xlm-roberta-base,en,74,mean_pool,0.9243040084838867,0.9183350801467896
xlm-roberta-base,en,75,mean_pool,0.9171302318572998,0.813690185546875
xlm-roberta-base,en,76,mean_pool,0.9116576313972473,0.8380826711654663
xlm-roberta-base,en,77,mean_pool,0.8645924925804138,0.9343647956848145
xlm-roberta-base,en,78,mean_pool,0.8897185921669006,1.094741702079773
xlm-roberta-base,en,79,mean_pool,0.9175017476081848,0.918064534664154
xlm-roberta-base,en,80,mean_pool,0.9238622188568115,0.9430179595947266
xlm-roberta-base,en,81,mean_pool,0.8493403196334839,1.0452793836593628
xlm-roberta-base,en,82,mean_pool,0.9229437112808228,0.8510016202926636
xlm-roberta-base,en,83,mean_pool,0.8868826031684875,0.8857091665267944
xlm-roberta-base,en,84,mean_pool,0.9165859818458557,0.9452763795852661
xlm-roberta-base,en,85,mean_pool,0.9221908450126648,0.8886722922325134
xlm-roberta-base,en,86,mean_pool,0.8804028034210205,0.9582462310791016
xlm-roberta-base,en,87,mean_pool,0.9102420210838318,0.7889478802680969
xlm-roberta-base,en,88,mean_pool,0.8341630101203918,0.8982620239257812
xlm-roberta-base,en,89,mean_pool,0.8926443457603455,1.0139451026916504
xlm-roberta-base,en,90,mean_pool,0.9058108329772949,0.8370031118392944
xlm-roberta-base,en,91,mean_pool,0.9120712876319885,0.8847043514251709
xlm-roberta-base,en,92,mean_pool,0.8955478072166443,0.9759514331817627
xlm-roberta-base,en,93,mean_pool,0.857991099357605,1.0202914476394653
xlm-roberta-base,en,94,mean_pool,0.7855440974235535,0.8875301480293274
xlm-roberta-base,en,95,mean_pool,0.8960141539573669,0.864392101764679
xlm-roberta-base,en,96,mean_pool,0.8955173492431641,1.0065505504608154
xlm-roberta-base,en,97,mean_pool,0.9056982398033142,0.9881058931350708
xlm-roberta-base,en,98,mean_pool,0.8728801608085632,1.0653835535049438
xlm-roberta-base,en,99,mean_pool,0.9278379678726196,0.8708338141441345
xlm-roberta-base,en,100,mean_pool,0.9143538475036621,0.9422111511230469
xlm-roberta-base,en,101,mean_pool,0.9326512217521667,0.8597240447998047
xlm-roberta-base,en,102,mean_pool,0.8684272766113281,0.960077702999115
xlm-roberta-base,en,103,mean_pool,0.8881786465644836,0.9193230271339417
xlm-roberta-base,en,104,mean_pool,0.901975691318512,0.9011517763137817
xlm-roberta-base,en,105,mean_pool,0.9239748120307922,0.8763198852539062
xlm-roberta-base,en,106,mean_pool,0.9003732800483704,0.9596216082572937
xlm-roberta-base,en,107,mean_pool,0.8821811079978943,0.9996611475944519
xlm-roberta-base,en,108,mean_pool,0.8923472762107849,0.859724760055542
xlm-roberta-base,en,109,mean_pool,0.8674922585487366,0.9766285419464111
xlm-roberta-base,en,110,mean_pool,0.8937267065048218,0.9618453979492188
xlm-roberta-base,en,111,mean_pool,0.8824051022529602,1.014556646347046
xlm-roberta-base,en,112,mean_pool,0.9064715504646301,0.90459805727005
xlm-roberta-base,en,113,mean_pool,0.8951514363288879,0.8740075826644897
xlm-roberta-base,en,114,mean_pool,0.9031566977500916,1.0808357000350952
xlm-roberta-base,en,115,mean_pool,0.8942188024520874,0.9112417101860046
xlm-roberta-base,en,116,mean_pool,0.914806067943573,0.9092626571655273
xlm-roberta-base,en,117,mean_pool,0.8660668730735779,0.9327630996704102
xlm-roberta-base,en,118,mean_pool,0.9332730770111084,0.9885448217391968
xlm-roberta-base,en,119,mean_pool,0.9209527373313904,0.9662842154502869
xlm-roberta-base,en,120,mean_pool,0.9062266945838928,0.8997077345848083
xlm-roberta-base,en,121,mean_pool,0.8375841975212097,0.8354392647743225
xlm-roberta-base,en,122,mean_pool,0.9013515114784241,0.83934485912323
xlm-roberta-base,en,123,mean_pool,0.8560765981674194,0.9612835645675659
xlm-roberta-base,en,124,mean_pool,0.8924944996833801,0.9558703303337097
xlm-roberta-base,en,125,mean_pool,0.9068644046783447,1.0106161832809448
xlm-roberta-base,en,126,mean_pool,0.9381670951843262,1.0431174039840698
xlm-roberta-base,en,127,mean_pool,0.9194725155830383,0.9745804667472839
xlm-roberta-base,en,128,mean_pool,0.9112066030502319,1.1219513416290283
xlm-roberta-base,en,129,mean_pool,0.8418502807617188,0.9105675220489502
xlm-roberta-base,en,130,mean_pool,0.9336553812026978,0.9329033493995667
xlm-roberta-base,en,131,mean_pool,0.8717159628868103,1.008213996887207
xlm-roberta-base,en,132,mean_pool,0.9150888323783875,0.8838319778442383
xlm-roberta-base,en,133,mean_pool,0.8882103562355042,0.9014087319374084
xlm-roberta-base,en,134,mean_pool,0.9476057291030884,0.9169245958328247
xlm-roberta-base,en,135,mean_pool,0.9038165807723999,0.9684635996818542
xlm-roberta-base,en,136,mean_pool,0.8906171917915344,0.8963209390640259
xlm-roberta-base,en,137,mean_pool,0.9096739888191223,0.9637864828109741
xlm-roberta-base,en,138,mean_pool,0.8791568875312805,1.0077778100967407
xlm-roberta-base,en,139,mean_pool,0.9095485806465149,0.9750650525093079
xlm-roberta-base,en,140,mean_pool,0.8526185154914856,0.9640337228775024
xlm-roberta-base,en,141,mean_pool,0.8898209929466248,0.9402049779891968
xlm-roberta-base,en,142,mean_pool,0.9184431433677673,0.8670834302902222
xlm-roberta-base,en,143,mean_pool,0.898145318031311,0.8680709600448608
xlm-roberta-base,en,144,mean_pool,0.9121531844139099,0.8586193323135376
xlm-roberta-base,en,145,mean_pool,0.9200982451438904,0.8778253793716431
xlm-roberta-base,en,146,mean_pool,0.8815925717353821,1.0371376276016235
xlm-roberta-base,en,147,mean_pool,0.8670113682746887,0.8416273593902588
xlm-roberta-base,en,148,mean_pool,0.8901306986808777,0.9747738838195801
xlm-roberta-base,en,149,mean_pool,0.9356340169906616,0.963020920753479
xlm-roberta-base,en,150,mean_pool,0.910040020942688,0.9057058691978455
xlm-roberta-base,en,151,mean_pool,0.9201899766921997,0.8903229832649231
xlm-roberta-base,en,152,mean_pool,0.881191074848175,0.8593571186065674
xlm-roberta-base,en,153,mean_pool,0.8887671232223511,0.8900203704833984
xlm-roberta-base,en,154,mean_pool,0.9016426801681519,0.9657872915267944
xlm-roberta-base,en,155,mean_pool,0.8723557591438293,1.0048038959503174
xlm-roberta-base,en,156,mean_pool,0.9149609804153442,0.9396446347236633
xlm-roberta-base,en,157,mean_pool,0.849010705947876,1.0340681076049805
xlm-roberta-base,en,158,mean_pool,0.9316228628158569,0.9491256475448608
xlm-roberta-base,en,159,mean_pool,0.9237082600593567,0.9241488575935364
xlm-roberta-base,ru,0,mean_pool,0.716928243637085,0.9284329414367676
xlm-roberta-base,ru,1,mean_pool,0.7317405343055725,1.0030766725540161
xlm-roberta-base,ru,2,mean_pool,0.6531427502632141,1.1319661140441895
xlm-roberta-base,ru,3,mean_pool,0.7561650276184082,0.9528399705886841
xlm-roberta-base,ru,4,mean_pool,0.75519198179245,0.9261161088943481
xlm-roberta-base,ru,5,mean_pool,0.8746433258056641,0.9995959997177124
xlm-roberta-base,ru,6,mean_pool,0.7369784116744995,0.7736262679100037
xlm-roberta-base,ru,7,mean_pool,0.6830374002456665,1.0411287546157837
xlm-roberta-base,ru,8,mean_pool,0.5912796258926392,1.2016823291778564
xlm-roberta-base,ru,9,mean_pool,0.808114767074585,0.9455299973487854
xlm-roberta-base,ru,10,mean_pool,0.6689205169677734,1.077028512954712
xlm-roberta-base,ru,11,mean_pool,0.5590369701385498,0.9864609837532043
xlm-roberta-base,ru,12,mean_pool,0.7717446088790894,1.1949893236160278
xlm-roberta-base,ru,13,mean_pool,0.6937521696090698,1.1320922374725342
xlm-roberta-base,ru,14,mean_pool,0.8282216787338257,1.290958046913147
xlm-roberta-base,ru,15,mean_pool,0.5985344052314758,0.9481562972068787
xlm-roberta-base,ru,16,mean_pool,0.3868977129459381,1.3363885879516602
xlm-roberta-base,ru,17,mean_pool,0.7099092602729797,1.0603598356246948
xlm-roberta-base,ru,18,mean_pool,0.6174827814102173,1.109419822692871
xlm-roberta-base,ru,19,mean_pool,0.6736339926719666,1.036777377128601
xlm-roberta-base,ru,20,mean_pool,0.8516554832458496,1.1164700984954834
xlm-roberta-base,ru,21,mean_pool,0.8154138326644897,1.1612224578857422
xlm-roberta-base,ru,22,mean_pool,0.747816801071167,1.2347115278244019
xlm-roberta-base,ru,23,mean_pool,0.7568861246109009,1.280442714691162
xlm-roberta-base,ru,24,mean_pool,0.7395681738853455,1.2543569803237915
xlm-roberta-base,ru,25,mean_pool,0.6308349967002869,1.2398608922958374
xlm-roberta-base,ru,26,mean_pool,0.6800110340118408,1.3854408264160156
xlm-roberta-base,ru,27,mean_pool,0.7615149617195129,1.3069688081741333
xlm-roberta-base,ru,28,mean_pool,0.3752877414226532,1.8924434185028076
xlm-roberta-base,ru,29,mean_pool,0.5535203218460083,1.2834205627441406
xlm-roberta-base,ru,30,mean_pool,0.8707326650619507,1.3766231536865234
xlm-roberta-base,ru,31,mean_pool,0.8047487139701843,1.09525728225708
xlm-roberta-base,ru,32,mean_pool,0.6925703287124634,1.0036060810089111
xlm-roberta-base,ru,33,mean_pool,0.7032222747802734,1.0858972072601318
xlm-roberta-base,ru,34,mean_pool,0.6688621640205383,1.221451759338379
xlm-roberta-base,ru,35,mean_pool,0.6670342683792114,1.0739139318466187
xlm-roberta-base,ru,36,mean_pool,0.67567378282547,1.1709901094436646
xlm-roberta-base,ru,37,mean_pool,0.720683753490448,1.0210131406784058
xlm-roberta-base,ru,38,mean_pool,0.6181089878082275,1.171688437461853
xlm-roberta-base,ru,39,mean_pool,0.5550860166549683,1.261688232421875
xlm-roberta-base,ru,40,mean_pool,0.5632551908493042,0.8815522193908691
xlm-roberta-base,ru,41,mean_pool,0.8248971700668335,0.8655716776847839
xlm-roberta-base,ru,42,mean_pool,0.8034589886665344,1.246085524559021
xlm-roberta-base,ru,43,mean_pool,0.7808536887168884,1.1424726247787476
xlm-roberta-base,ru,44,mean_pool,0.829082190990448,1.234067678451538
xlm-roberta-base,ru,45,mean_pool,0.6336875557899475,1.0468324422836304
xlm-roberta-base,ru,46,mean_pool,0.6869188547134399,1.0231291055679321
xlm-roberta-base,ru,47,mean_pool,0.8026735782623291,1.5935403108596802
xlm-roberta-base,ru,48,mean_pool,0.5690386891365051,1.5704237222671509
xlm-roberta-base,ru,49,mean_pool,0.7400331497192383,1.0477360486984253
xlm-roberta-base,ru,50,mean_pool,0.7151398062705994,1.2926445007324219
xlm-roberta-base,ru,51,mean_pool,0.6136752367019653,1.133778691291809
xlm-roberta-base,ru,52,mean_pool,0.8520404696464539,1.0691044330596924
xlm-roberta-base,ru,53,mean_pool,0.8262525796890259,1.4906877279281616
xlm-roberta-base,ru,54,mean_pool,0.4284198582172394,1.0236222743988037
xlm-roberta-base,ru,55,mean_pool,0.7955927848815918,1.388873815536499
xlm-roberta-base,ru,56,mean_pool,0.7251120209693909,1.1302838325500488
xlm-roberta-base,ru,57,mean_pool,0.8132058382034302,1.1457405090332031
xlm-roberta-base,ru,58,mean_pool,0.8001885414123535,1.1554075479507446
xlm-roberta-base,ru,59,mean_pool,0.7654767632484436,1.3532005548477173
xlm-roberta-base,ru,60,mean_pool,0.8085270524024963,0.9807854890823364
xlm-roberta-base,ru,61,mean_pool,0.7028201222419739,1.3035941123962402
xlm-roberta-base,ru,62,mean_pool,0.8030499219894409,1.0151562690734863
xlm-roberta-base,ru,63,mean_pool,0.754883885383606,0.9995892643928528
xlm-roberta-base,ru,64,mean_pool,0.7447245717048645,1.0106908082962036
xlm-roberta-base,ru,65,mean_pool,0.7191488146781921,0.9337618350982666
xlm-roberta-base,ru,66,mean_pool,0.635003387928009,1.16812002658844
xlm-roberta-base,ru,67,mean_pool,0.6973515152931213,1.0310941934585571
xlm-roberta-base,ru,68,mean_pool,0.6315515637397766,0.859866738319397
xlm-roberta-base,ru,69,mean_pool,0.725942850112915,0.9748842716217041
xlm-roberta-base,ru,70,mean_pool,0.6155102849006653,1.1248921155929565
xlm-roberta-base,ru,71,mean_pool,0.6138582229614258,1.1511178016662598
xlm-roberta-base,ru,72,mean_pool,0.8330557346343994,0.973452627658844
xlm-roberta-base,ru,73,mean_pool,0.8238087892532349,1.3497605323791504
xlm-roberta-base,ru,74,mean_pool,0.766176700592041,1.0131523609161377
xlm-roberta-base,ru,75,mean_pool,0.639214038848877,0.9939591288566589
xlm-roberta-base,ru,76,mean_pool,0.524670422077179,1.1985161304473877
xlm-roberta-base,ru,77,mean_pool,0.7618891000747681,1.1319788694381714
xlm-roberta-base,ru,78,mean_pool,0.573755145072937,0.9148244857788086
xlm-roberta-base,ru,79,mean_pool,0.8415541052818298,0.9497238397598267
xlm-roberta-base,ru,80,mean_pool,0.7313932180404663,1.0230636596679688
xlm-roberta-base,ru,81,mean_pool,0.5814208388328552,1.0006248950958252
xlm-roberta-base,ru,82,mean_pool,0.7709965705871582,1.0544260740280151
xlm-roberta-base,ru,83,mean_pool,0.7995714545249939,1.2283490896224976
xlm-roberta-base,ru,84,mean_pool,0.6168161034584045,1.2554765939712524
xlm-roberta-base,ru,85,mean_pool,0.5014001727104187,1.2214040756225586
xlm-roberta-base,ru,86,mean_pool,0.717401921749115,1.291877031326294
xlm-roberta-base,ru,87,mean_pool,0.6976364850997925,1.1546189785003662
xlm-roberta-base,ru,88,mean_pool,0.7360644340515137,0.9077852964401245
xlm-roberta-base,ru,89,mean_pool,0.7144441604614258,1.37613844871521
xlm-roberta-base,ru,90,mean_pool,0.6400191783905029,1.0322028398513794
xlm-roberta-base,ru,91,mean_pool,0.8130112290382385,1.5482655763626099
xlm-roberta-base,ru,92,mean_pool,0.7119011282920837,0.791232168674469
xlm-roberta-base,ru,93,mean_pool,0.6586908102035522,0.9214563965797424
xlm-roberta-base,ru,94,mean_pool,0.6925430297851562,0.9207878708839417
xlm-roberta-base,ru,95,mean_pool,0.7987233996391296,1.0523581504821777
xlm-roberta-base,ru,96,mean_pool,0.7077381014823914,1.1420421600341797
xlm-roberta-base,ru,97,mean_pool,0.28226858377456665,0.9991433620452881
xlm-roberta-base,ru,98,mean_pool,0.7086910009384155,1.274924874305725
xlm-roberta-base,ru,99,mean_pool,0.7222681045532227,1.467951774597168
xlm-roberta-base,ru,100,mean_pool,0.6800681352615356,1.084708571434021
xlm-roberta-base,ru,101,mean_pool,0.7469190359115601,0.9126585125923157
xlm-roberta-base,ru,102,mean_pool,0.7616260051727295,1.2603839635849
xlm-roberta-base,ru,103,mean_pool,0.5678980350494385,1.24409019947052
xlm-roberta-base,ru,104,mean_pool,0.677328884601593,1.4165642261505127
xlm-roberta-base,ru,105,mean_pool,0.7474032044410706,1.200290560722351
xlm-roberta-base,ru,106,mean_pool,0.7077988982200623,1.065704107284546
xlm-roberta-base,ru,107,mean_pool,0.7644469738006592,1.3510363101959229
xlm-roberta-base,ru,108,mean_pool,0.8362371325492859,1.21161949634552
xlm-roberta-base,ru,109,mean_pool,0.8092224597930908,1.0545506477355957
xlm-roberta-base,ru,110,mean_pool,0.7656102180480957,1.3348146677017212
xlm-roberta-base,ru,111,mean_pool,0.7618705034255981,1.061418056488037
xlm-roberta-base,ru,112,mean_pool,0.8422967195510864,1.2010172605514526
xlm-roberta-base,ru,113,mean_pool,0.7592167854309082,1.0249106884002686
xlm-roberta-base,ru,114,mean_pool,0.5806822180747986,1.0949105024337769
xlm-roberta-base,ru,115,mean_pool,0.8133924603462219,1.199029564857483
xlm-roberta-base,ru,116,mean_pool,0.6614280343055725,1.0704116821289062
xlm-roberta-base,ru,117,mean_pool,0.7058542370796204,1.2463535070419312
xlm-roberta-base,ru,118,mean_pool,0.6787326335906982,1.1911038160324097
xlm-roberta-base,ru,119,mean_pool,0.6311435699462891,1.1599594354629517
xlm-roberta-base,ru,120,mean_pool,0.5641700625419617,1.0868381261825562
xlm-roberta-base,ru,121,mean_pool,0.677554190158844,1.1843767166137695
xlm-roberta-base,ru,122,mean_pool,0.6861411333084106,0.9589072465896606
xlm-roberta-base,ru,123,mean_pool,0.6786020398139954,1.342582106590271
xlm-roberta-base,ru,124,mean_pool,0.7851641774177551,1.1730318069458008
xlm-roberta-base,ru,125,mean_pool,0.6693365573883057,0.9054014682769775
xlm-roberta-base,ru,126,mean_pool,0.6680099964141846,1.2954111099243164
xlm-roberta-base,ru,127,mean_pool,0.4860491454601288,1.2009302377700806
xlm-roberta-base,ru,128,mean_pool,0.6459528803825378,1.156990885734558
xlm-roberta-base,ru,129,mean_pool,0.7610533833503723,1.0370651483535767
xlm-roberta-base,ru,130,mean_pool,0.715559720993042,1.157684326171875
xlm-roberta-base,ru,131,mean_pool,0.5805133581161499,0.9220831394195557
xlm-roberta-base,ru,132,mean_pool,0.7684295177459717,1.317933201789856
xlm-roberta-base,ru,133,mean_pool,0.8027760982513428,1.0249220132827759
xlm-roberta-base,ru,134,mean_pool,0.8122588992118835,0.9839186072349548
xlm-roberta-base,ru,135,mean_pool,0.6567578315734863,1.1260987520217896
xlm-roberta-base,ru,136,mean_pool,0.6735514402389526,1.0435129404067993
xlm-roberta-base,ru,137,mean_pool,0.6929589509963989,1.0049896240234375
xlm-roberta-base,ru,138,mean_pool,0.525801420211792,1.1348267793655396
xlm-roberta-base,ru,139,mean_pool,0.7549043297767639,0.9687139987945557
xlm-roberta-base,ru,140,mean_pool,0.7420852184295654,1.9826220273971558
xlm-roberta-base,ru,141,mean_pool,0.7802806496620178,1.245644450187683
xlm-roberta-base,ru,142,mean_pool,0.7630001902580261,1.0352497100830078
xlm-roberta-base,ru,143,mean_pool,0.746640682220459,0.9628111124038696
xlm-roberta-base,ru,144,mean_pool,0.6609783172607422,1.100355625152588
xlm-roberta-base,ru,145,mean_pool,0.6386296153068542,1.1654149293899536
xlm-roberta-base,ru,146,mean_pool,0.6705083847045898,1.1359431743621826
xlm-roberta-base,ru,147,mean_pool,0.7115246653556824,1.189401626586914
xlm-roberta-base,ru,148,mean_pool,0.6707946062088013,1.432036280632019
xlm-roberta-base,ru,149,mean_pool,0.7591291666030884,0.8915712237358093
xlm-roberta-base,ru,150,mean_pool,0.6859326362609863,1.0020004510879517
xlm-roberta-base,ru,151,mean_pool,0.5807095170021057,1.52930748462677
xlm-roberta-base,ru,152,mean_pool,0.8410252928733826,1.1167874336242676
xlm-roberta-base,ru,153,mean_pool,0.8038958311080933,1.5760432481765747
xlm-roberta-base,ru,154,mean_pool,0.5604285001754761,1.1837801933288574
xlm-roberta-base,ru,155,mean_pool,0.8261312246322632,1.2307820320129395
xlm-roberta-base,ru,156,mean_pool,0.6905926465988159,1.1112207174301147
xlm-roberta-base,ru,157,mean_pool,0.6708601117134094,0.7426791787147522
xlm-roberta-base,ru,158,mean_pool,0.7036517262458801,1.2878793478012085
xlm-roberta-base,ru,159,mean_pool,0.6978216767311096,1.0681390762329102
xlm-roberta-base,zh,0,mean_pool,0.8152946829795837,0.8988136053085327
xlm-roberta-base,zh,1,mean_pool,0.7213570475578308,1.0193572044372559
xlm-roberta-base,zh,2,mean_pool,0.838509738445282,0.9842356443405151
xlm-roberta-base,zh,3,mean_pool,0.7401018738746643,1.1113849878311157
xlm-roberta-base,zh,4,mean_pool,0.7961173057556152,0.9307031035423279
xlm-roberta-base,zh,5,mean_pool,0.7597047686576843,0.9533172845840454
xlm-roberta-base,zh,6,mean_pool,0.7869000434875488,0.9595816731452942
xlm-roberta-base,zh,7,mean_pool,0.6619107723236084,0.9245172739028931
xlm-roberta-base,zh,8,mean_pool,0.8506834506988525,0.8738529086112976
xlm-roberta-base,zh,9,mean_pool,0.6901473999023438,1.0907318592071533
xlm-roberta-base,zh,10,mean_pool,0.838704526424408,0.9165766835212708
xlm-roberta-base,zh,11,mean_pool,0.6105072498321533,0.9435150623321533
xlm-roberta-base,zh,12,mean_pool,0.81458580493927,1.0792009830474854
xlm-roberta-base,zh,13,mean_pool,0.782082736492157,1.1031601428985596
xlm-roberta-base,zh,14,mean_pool,0.6855725049972534,0.9505299925804138
xlm-roberta-base,zh,15,mean_pool,0.7295424342155457,0.9660491347312927
xlm-roberta-base,zh,16,mean_pool,0.6693269610404968,0.9777369499206543
xlm-roberta-base,zh,17,mean_pool,0.7243151068687439,0.8835101127624512
xlm-roberta-base,zh,18,mean_pool,0.7302432060241699,0.8995344042778015
xlm-roberta-base,zh,19,mean_pool,0.8522965908050537,1.0090727806091309
xlm-roberta-base,zh,20,mean_pool,0.7333638668060303,0.7943885922431946
xlm-roberta-base,zh,21,mean_pool,0.8390177488327026,0.924680769443512
xlm-roberta-base,zh,22,mean_pool,0.6278941631317139,0.7663934230804443
xlm-roberta-base,zh,23,mean_pool,0.8154657483100891,0.863283634185791
xlm-roberta-base,zh,24,mean_pool,0.7760117650032043,1.1104247570037842
xlm-roberta-base,zh,25,mean_pool,0.6488473415374756,0.7967723608016968
xlm-roberta-base,zh,26,mean_pool,0.7193728089332581,0.9361515045166016
xlm-roberta-base,zh,27,mean_pool,0.7566037774085999,0.9940274953842163
xlm-roberta-base,zh,28,mean_pool,0.7418506741523743,0.9831651449203491
xlm-roberta-base,zh,29,mean_pool,0.6372318863868713,0.9244271516799927
xlm-roberta-base,zh,30,mean_pool,0.7250167727470398,1.0826568603515625
xlm-roberta-base,zh,31,mean_pool,0.6816821694374084,0.8870969414710999
xlm-roberta-base,zh,32,mean_pool,0.7613558769226074,1.0640281438827515
xlm-roberta-base,zh,33,mean_pool,0.8697689175605774,0.9479662775993347
xlm-roberta-base,zh,34,mean_pool,0.8232599496841431,0.8537846207618713
xlm-roberta-base,zh,35,mean_pool,0.8639160394668579,0.8776865005493164
xlm-roberta-base,zh,36,mean_pool,0.7474254369735718,0.9607547521591187
xlm-roberta-base,zh,37,mean_pool,0.7617267966270447,1.0612553358078003
xlm-roberta-base,zh,38,mean_pool,0.8428349494934082,0.8096929788589478
xlm-roberta-base,zh,39,mean_pool,0.7962278127670288,0.9745665192604065
xlm-roberta-base,zh,40,mean_pool,0.7993414998054504,0.9858900904655457
xlm-roberta-base,zh,41,mean_pool,0.7793944478034973,1.0560129880905151
xlm-roberta-base,zh,42,mean_pool,0.6809515953063965,1.0350524187088013
xlm-roberta-base,zh,43,mean_pool,0.7532581686973572,0.8261541128158569
xlm-roberta-base,zh,44,mean_pool,0.7251626253128052,0.9373182654380798
xlm-roberta-base,zh,45,mean_pool,0.7865560054779053,0.9877672791481018
xlm-roberta-base,zh,46,mean_pool,0.5759390592575073,0.8532865643501282
xlm-roberta-base,zh,47,mean_pool,0.7636484503746033,0.9514071345329285
xlm-roberta-base,zh,48,mean_pool,0.851260781288147,0.9309771060943604
xlm-roberta-base,zh,49,mean_pool,0.7751999497413635,0.9124267101287842
xlm-roberta-base,zh,50,mean_pool,0.6962004899978638,0.7862195372581482
xlm-roberta-base,zh,51,mean_pool,0.7764509916305542,0.8639580607414246
xlm-roberta-base,zh,52,mean_pool,0.8289946913719177,1.123572587966919
xlm-roberta-base,zh,53,mean_pool,0.807558536529541,0.9771602153778076
xlm-roberta-base,zh,54,mean_pool,0.635648250579834,0.7906053066253662
xlm-roberta-base,zh,55,mean_pool,0.8264034390449524,0.9419293403625488
xlm-roberta-base,zh,56,mean_pool,0.716424286365509,0.848779022693634
xlm-roberta-base,zh,57,mean_pool,0.7538380026817322,1.0239955186843872
xlm-roberta-base,zh,58,mean_pool,0.7586644887924194,0.9630722999572754
xlm-roberta-base,zh,59,mean_pool,0.8654893040657043,0.9567193388938904
xlm-roberta-base,zh,60,mean_pool,0.8255764245986938,0.9212607741355896
xlm-roberta-base,zh,61,mean_pool,0.6428394913673401,0.9323832392692566
xlm-roberta-base,zh,62,mean_pool,0.7007945775985718,0.884841799736023
xlm-roberta-base,zh,63,mean_pool,0.6006863713264465,0.8914859890937805
xlm-roberta-base,zh,64,mean_pool,0.843267560005188,0.9240132570266724
xlm-roberta-base,zh,65,mean_pool,0.7828985452651978,0.8325946927070618
xlm-roberta-base,zh,66,mean_pool,0.7075581550598145,0.972578227519989
xlm-roberta-base,zh,67,mean_pool,0.620697021484375,1.0435845851898193
xlm-roberta-base,zh,68,mean_pool,0.7344210147857666,0.9708771109580994
xlm-roberta-base,zh,69,mean_pool,0.8327920436859131,0.9731196165084839
xlm-roberta-base,zh,70,mean_pool,0.7895546555519104,0.8644056916236877
xlm-roberta-base,zh,71,mean_pool,0.7963024973869324,0.9557598233222961
xlm-roberta-base,zh,72,mean_pool,0.6422200798988342,0.8872771859169006
xlm-roberta-base,zh,73,mean_pool,0.8272213339805603,0.8997909426689148
xlm-roberta-base,zh,74,mean_pool,0.8201806545257568,0.9535639882087708
xlm-roberta-base,zh,75,mean_pool,0.8229774236679077,0.8576569557189941
xlm-roberta-base,zh,76,mean_pool,0.8338428735733032,0.9296140074729919
xlm-roberta-base,zh,77,mean_pool,0.7608941793441772,0.842872679233551
xlm-roberta-base,zh,78,mean_pool,0.8603217601776123,0.9559398889541626
xlm-roberta-base,zh,79,mean_pool,0.8227822780609131,0.9318072199821472
xlm-roberta-base,zh,80,mean_pool,0.6347556710243225,1.1481527090072632
xlm-roberta-base,zh,81,mean_pool,0.7038171291351318,0.9801356792449951
xlm-roberta-base,zh,82,mean_pool,0.8854079246520996,0.9129140973091125
xlm-roberta-base,zh,83,mean_pool,0.7562429904937744,0.8289200663566589
xlm-roberta-base,zh,84,mean_pool,0.787982165813446,0.9941366910934448
xlm-roberta-base,zh,85,mean_pool,0.8511645197868347,0.9119832515716553
xlm-roberta-base,zh,86,mean_pool,0.7903714179992676,0.9197665452957153
xlm-roberta-base,zh,87,mean_pool,0.830062747001648,0.8962303400039673
xlm-roberta-base,zh,88,mean_pool,0.896299421787262,0.9570221304893494
xlm-roberta-base,zh,89,mean_pool,0.6974582672119141,0.8660088181495667
xlm-roberta-base,zh,90,mean_pool,0.6590800285339355,1.0402398109436035
xlm-roberta-base,zh,91,mean_pool,0.7324946522712708,0.9896476864814758
xlm-roberta-base,zh,92,mean_pool,0.7303890585899353,0.8929789662361145
xlm-roberta-base,zh,93,mean_pool,0.6470159292221069,0.944580614566803
xlm-roberta-base,zh,94,mean_pool,0.8121899366378784,0.9136661887168884
xlm-roberta-base,zh,95,mean_pool,0.6749443411827087,0.9517562985420227
xlm-roberta-base,zh,96,mean_pool,0.7398133873939514,0.9494029879570007
xlm-roberta-base,zh,97,mean_pool,0.7141674160957336,0.9875475764274597
xlm-roberta-base,zh,98,mean_pool,0.7670619487762451,0.8338103294372559
xlm-roberta-base,zh,99,mean_pool,0.6338685750961304,0.9439341425895691
xlm-roberta-base,zh,100,mean_pool,0.8175831437110901,0.9868070483207703
xlm-roberta-base,zh,101,mean_pool,0.8323490619659424,0.8817908763885498
xlm-roberta-base,zh,102,mean_pool,0.7902286648750305,0.9057117104530334
xlm-roberta-base,zh,103,mean_pool,0.8234205842018127,0.9965860247612
xlm-roberta-base,zh,104,mean_pool,0.7705481052398682,0.8955532312393188
xlm-roberta-base,zh,105,mean_pool,0.7200039625167847,0.9665913581848145
xlm-roberta-base,zh,106,mean_pool,0.8046764135360718,0.9597725868225098
xlm-roberta-base,zh,107,mean_pool,0.733871579170227,1.0149508714675903
xlm-roberta-base,zh,108,mean_pool,0.835146427154541,1.046501874923706
xlm-roberta-base,zh,109,mean_pool,0.8085127472877502,0.9143785238265991
xlm-roberta-base,zh,110,mean_pool,0.7752296328544617,0.9619780778884888
xlm-roberta-base,zh,111,mean_pool,0.8084572553634644,1.0524632930755615
xlm-roberta-base,zh,112,mean_pool,0.7558491826057434,0.9108815789222717
xlm-roberta-base,zh,113,mean_pool,0.8185581564903259,0.9705935716629028
xlm-roberta-base,zh,114,mean_pool,0.7113084197044373,0.9787952899932861
xlm-roberta-base,zh,115,mean_pool,0.7070039510726929,1.0224359035491943
xlm-roberta-base,zh,116,mean_pool,0.7897327542304993,0.9210643768310547
xlm-roberta-base,zh,117,mean_pool,0.7290032505989075,0.9938843846321106
xlm-roberta-base,zh,118,mean_pool,0.7240289449691772,1.0570359230041504
xlm-roberta-base,zh,119,mean_pool,0.7572388648986816,0.9983596205711365
xlm-roberta-base,zh,120,mean_pool,0.6986355781555176,0.9512434005737305
xlm-roberta-base,zh,121,mean_pool,0.8066247701644897,0.9238606095314026
xlm-roberta-base,zh,122,mean_pool,0.687088131904602,1.0572530031204224
xlm-roberta-base,zh,123,mean_pool,0.7969726920127869,0.9675233364105225
xlm-roberta-base,zh,124,mean_pool,0.8060230016708374,0.8316120505332947
xlm-roberta-base,zh,125,mean_pool,0.7337172031402588,0.9694467186927795
xlm-roberta-base,zh,126,mean_pool,0.7000577449798584,0.8795506358146667
xlm-roberta-base,zh,127,mean_pool,0.7460659742355347,0.988415002822876
xlm-roberta-base,zh,128,mean_pool,0.8491803407669067,0.938746988773346
xlm-roberta-base,zh,129,mean_pool,0.8009273409843445,1.0017285346984863
xlm-roberta-base,zh,130,mean_pool,0.8020551204681396,0.8624846935272217
xlm-roberta-base,zh,131,mean_pool,0.8111463189125061,0.8747972249984741
xlm-roberta-base,zh,132,mean_pool,0.7602331042289734,0.9573590755462646
xlm-roberta-base,zh,133,mean_pool,0.7895992398262024,0.9487662315368652
xlm-roberta-base,zh,134,mean_pool,0.690473735332489,0.9012435674667358
xlm-roberta-base,zh,135,mean_pool,0.6840624213218689,0.8131969571113586
xlm-roberta-base,zh,136,mean_pool,0.6934060454368591,0.9894916415214539
xlm-roberta-base,zh,137,mean_pool,0.7327173352241516,0.9364458918571472
xlm-roberta-base,zh,138,mean_pool,0.6967887878417969,0.8588860034942627
xlm-roberta-base,zh,139,mean_pool,0.8567769527435303,0.9096100926399231
xlm-roberta-base,zh,140,mean_pool,0.8319305777549744,0.9230192303657532
xlm-roberta-base,zh,141,mean_pool,0.7750747799873352,1.0241937637329102
xlm-roberta-base,zh,142,mean_pool,0.7829208374023438,1.0322259664535522
xlm-roberta-base,zh,143,mean_pool,0.6980389356613159,0.9281070828437805
xlm-roberta-base,zh,144,mean_pool,0.7558608651161194,0.8500847220420837
xlm-roberta-base,zh,145,mean_pool,0.8148871064186096,0.9401794075965881
xlm-roberta-base,zh,146,mean_pool,0.7508919835090637,0.9290896058082581
xlm-roberta-base,zh,147,mean_pool,0.7677989602088928,0.7910943031311035
xlm-roberta-base,zh,148,mean_pool,0.8518695831298828,0.9441317319869995
xlm-roberta-base,zh,149,mean_pool,0.6828861832618713,0.9933893084526062
xlm-roberta-base,zh,150,mean_pool,0.8467139601707458,0.950031042098999
xlm-roberta-base,zh,151,mean_pool,0.7795001864433289,1.0097464323043823
xlm-roberta-base,zh,152,mean_pool,0.7256367802619934,1.0306471586227417
xlm-roberta-base,zh,153,mean_pool,0.8362707495689392,0.8924779295921326
xlm-roberta-base,zh,154,mean_pool,0.8331720232963562,0.8880975246429443
xlm-roberta-base,zh,155,mean_pool,0.7259795069694519,0.911995530128479
xlm-roberta-base,zh,156,mean_pool,0.8637915849685669,1.0114387273788452
xlm-roberta-base,zh,157,mean_pool,0.7325714826583862,1.0228513479232788
xlm-roberta-base,zh,158,mean_pool,0.8440775275230408,0.8851036429405212
xlm-roberta-base,zh,159,mean_pool,0.8770177960395813,0.9288046360015869
xlm-roberta-base,en,0,marker_pool,0.7133006453514099,0.9210190773010254
xlm-roberta-base,en,1,marker_pool,0.6894564628601074,0.8840550780296326
xlm-roberta-base,en,2,marker_pool,0.7273858189582825,0.8726571202278137
xlm-roberta-base,en,3,marker_pool,0.7202935814857483,0.9098535776138306
xlm-roberta-base,en,4,marker_pool,0.7222260236740112,0.9428680539131165
xlm-roberta-base,en,5,marker_pool,0.7083443403244019,0.9568094611167908
xlm-roberta-base,en,6,marker_pool,0.7177090644836426,0.8910085558891296
xlm-roberta-base,en,7,marker_pool,0.7388767600059509,0.9301655292510986
xlm-roberta-base,en,8,marker_pool,0.7638952136039734,0.9323117136955261
xlm-roberta-base,en,9,marker_pool,0.7693290710449219,0.905446469783783
xlm-roberta-base,en,10,marker_pool,0.7026823163032532,0.8827566504478455
xlm-roberta-base,en,11,marker_pool,0.713957667350769,0.9903951287269592
xlm-roberta-base,en,12,marker_pool,0.7092724442481995,0.9115040302276611
xlm-roberta-base,en,13,marker_pool,0.6967506408691406,0.9076839685440063
xlm-roberta-base,en,14,marker_pool,0.7353469729423523,0.9984570145606995
xlm-roberta-base,en,15,marker_pool,0.6948986053466797,0.8428407907485962
xlm-roberta-base,en,16,marker_pool,0.7279143333435059,0.9858282804489136
xlm-roberta-base,en,17,marker_pool,0.7202596068382263,0.9132737517356873
xlm-roberta-base,en,18,marker_pool,0.7271119952201843,0.9396354556083679
xlm-roberta-base,en,19,marker_pool,0.7205380797386169,0.9523129463195801
xlm-roberta-base,en,20,marker_pool,0.7087869644165039,0.955378532409668
xlm-roberta-base,en,21,marker_pool,0.7532653212547302,0.9297853708267212
xlm-roberta-base,en,22,marker_pool,0.7014539241790771,0.8645666241645813
xlm-roberta-base,en,23,marker_pool,0.7552433013916016,0.9231303930282593
xlm-roberta-base,en,24,marker_pool,0.7279823422431946,0.8944400548934937
xlm-roberta-base,en,25,marker_pool,0.7293365597724915,0.918646514415741
xlm-roberta-base,en,26,marker_pool,0.6995594501495361,0.930954098701477
xlm-roberta-base,en,27,marker_pool,0.7264155745506287,0.911414623260498
xlm-roberta-base,en,28,marker_pool,0.699360728263855,0.8271681070327759
xlm-roberta-base,en,29,marker_pool,0.7148374915122986,0.9248085618019104
xlm-roberta-base,en,30,marker_pool,0.7230163216590881,0.9744833111763
xlm-roberta-base,en,31,marker_pool,0.7268970608711243,0.9205290079116821
xlm-roberta-base,en,32,marker_pool,0.7400871515274048,0.9521843194961548
xlm-roberta-base,en,33,marker_pool,0.736826479434967,0.9363126754760742
xlm-roberta-base,en,34,marker_pool,0.7459070086479187,0.9471759796142578
xlm-roberta-base,en,35,marker_pool,0.74177485704422,0.9210708141326904
xlm-roberta-base,en,36,marker_pool,0.7025526762008667,0.8882980346679688
xlm-roberta-base,en,37,marker_pool,0.7635754346847534,0.8833429217338562
xlm-roberta-base,en,38,marker_pool,0.7183497548103333,0.9410824775695801
xlm-roberta-base,en,39,marker_pool,0.7534294724464417,0.909535825252533
xlm-roberta-base,en,40,marker_pool,0.7446673512458801,1.0013607740402222
xlm-roberta-base,en,41,marker_pool,0.7557529807090759,0.9205698370933533
xlm-roberta-base,en,42,marker_pool,0.7085922360420227,0.8476513028144836
xlm-roberta-base,en,43,marker_pool,0.7511894702911377,0.9422751665115356
xlm-roberta-base,en,44,marker_pool,0.7378076314926147,0.9876101016998291
xlm-roberta-base,en,45,marker_pool,0.7137055397033691,0.9182430505752563
xlm-roberta-base,en,46,marker_pool,0.7007426619529724,0.8514769077301025
xlm-roberta-base,en,47,marker_pool,0.7025418281555176,0.9209957718849182
xlm-roberta-base,en,48,marker_pool,0.733960747718811,0.8430753946304321
xlm-roberta-base,en,49,marker_pool,0.730553150177002,1.0193253755569458
xlm-roberta-base,en,50,marker_pool,0.6863122582435608,0.8328297138214111
xlm-roberta-base,en,51,marker_pool,0.7063725590705872,0.8592119216918945
xlm-roberta-base,en,52,marker_pool,0.6817159056663513,0.9432597756385803
xlm-roberta-base,en,53,marker_pool,0.7483928799629211,0.9653922319412231
xlm-roberta-base,en,54,marker_pool,0.7419444918632507,0.9412941932678223
xlm-roberta-base,en,55,marker_pool,0.7487538456916809,0.9128334522247314
xlm-roberta-base,en,56,marker_pool,0.6920772790908813,0.9061155915260315
xlm-roberta-base,en,57,marker_pool,0.7345268130302429,0.9074399471282959
xlm-roberta-base,en,58,marker_pool,0.7131684422492981,0.8815361857414246
xlm-roberta-base,en,59,marker_pool,0.7177002429962158,0.84825199842453
xlm-roberta-base,en,60,marker_pool,0.7322579026222229,0.9357466697692871
xlm-roberta-base,en,61,marker_pool,0.6811612844467163,0.820884108543396
xlm-roberta-base,en,62,marker_pool,0.6996995210647583,0.9399186372756958
xlm-roberta-base,en,63,marker_pool,0.7028034925460815,0.9595822095870972
xlm-roberta-base,en,64,marker_pool,0.652065098285675,0.8523425459861755
xlm-roberta-base,en,65,marker_pool,0.745322585105896,1.038885235786438
xlm-roberta-base,en,66,marker_pool,0.7063686847686768,0.8623476624488831
xlm-roberta-base,en,67,marker_pool,0.6392983198165894,0.8806651830673218
xlm-roberta-base,en,68,marker_pool,0.7368232607841492,0.9013857245445251
xlm-roberta-base,en,69,marker_pool,0.6571062803268433,0.8578187823295593
xlm-roberta-base,en,70,marker_pool,0.6531301140785217,0.8363474011421204
xlm-roberta-base,en,71,marker_pool,0.6813835501670837,0.7826690673828125
xlm-roberta-base,en,72,marker_pool,0.6548920273780823,0.9090384840965271
xlm-roberta-base,en,73,marker_pool,0.6768653392791748,0.7798396348953247
xlm-roberta-base,en,74,marker_pool,0.7544375658035278,0.9823010563850403
xlm-roberta-base,en,75,marker_pool,0.7414008378982544,0.9492307305335999
xlm-roberta-base,en,76,marker_pool,0.7007742524147034,0.8842334747314453
xlm-roberta-base,en,77,marker_pool,0.7024056911468506,0.8778015375137329
xlm-roberta-base,en,78,marker_pool,0.6975505352020264,0.9588956236839294
xlm-roberta-base,en,79,marker_pool,0.7447383999824524,1.0442358255386353
xlm-roberta-base,en,80,marker_pool,0.726520836353302,1.0540506839752197
xlm-roberta-base,en,81,marker_pool,0.7100802063941956,0.9483775496482849
xlm-roberta-base,en,82,marker_pool,0.7738359570503235,0.9220463037490845
xlm-roberta-base,en,83,marker_pool,0.6887035965919495,0.9603884220123291
xlm-roberta-base,en,84,marker_pool,0.6900994181632996,0.9006209373474121
xlm-roberta-base,en,85,marker_pool,0.780916154384613,0.9671662449836731
xlm-roberta-base,en,86,marker_pool,0.6904689073562622,0.8910439610481262
xlm-roberta-base,en,87,marker_pool,0.7289539575576782,0.8289231657981873
xlm-roberta-base,en,88,marker_pool,0.6733617782592773,0.8802490830421448
xlm-roberta-base,en,89,marker_pool,0.716646134853363,0.9146430492401123
xlm-roberta-base,en,90,marker_pool,0.7010816931724548,0.8423237800598145
xlm-roberta-base,en,91,marker_pool,0.716963529586792,0.9149627685546875
xlm-roberta-base,en,92,marker_pool,0.6937515735626221,0.9842200875282288
xlm-roberta-base,en,93,marker_pool,0.6873971223831177,0.894053041934967
xlm-roberta-base,en,94,marker_pool,0.6566963195800781,0.928337574005127
xlm-roberta-base,en,95,marker_pool,0.734555721282959,0.868625283241272
xlm-roberta-base,en,96,marker_pool,0.6953316330909729,1.0184252262115479
xlm-roberta-base,en,97,marker_pool,0.6846317648887634,0.8878231048583984
xlm-roberta-base,en,98,marker_pool,0.7196246981620789,1.0200631618499756
xlm-roberta-base,en,99,marker_pool,0.7121157050132751,0.8242790699005127
xlm-roberta-base,en,100,marker_pool,0.7465993165969849,0.9195059537887573
xlm-roberta-base,en,101,marker_pool,0.7946344017982483,0.9368836283683777
xlm-roberta-base,en,102,marker_pool,0.7021380662918091,0.9208834767341614
xlm-roberta-base,en,103,marker_pool,0.7077959775924683,0.8823043704032898
xlm-roberta-base,en,104,marker_pool,0.707588791847229,0.9102004170417786
xlm-roberta-base,en,105,marker_pool,0.7334489822387695,0.9136781096458435
xlm-roberta-base,en,106,marker_pool,0.7187359929084778,0.9787114262580872
xlm-roberta-base,en,107,marker_pool,0.7158328294754028,1.0135812759399414
xlm-roberta-base,en,108,marker_pool,0.7174924612045288,0.8968543410301208
xlm-roberta-base,en,109,marker_pool,0.6819204092025757,0.9315342903137207
xlm-roberta-base,en,110,marker_pool,0.706214189529419,0.85416179895401
xlm-roberta-base,en,111,marker_pool,0.7077492475509644,0.9369738698005676
xlm-roberta-base,en,112,marker_pool,0.6885714530944824,0.8159491419792175
xlm-roberta-base,en,113,marker_pool,0.7297374606132507,0.9231683611869812
xlm-roberta-base,en,114,marker_pool,0.7217898368835449,0.9321898818016052
xlm-roberta-base,en,115,marker_pool,0.7304551005363464,0.9069352746009827
xlm-roberta-base,en,116,marker_pool,0.7185186743736267,0.9156150817871094
xlm-roberta-base,en,117,marker_pool,0.6816880702972412,0.8552139401435852
xlm-roberta-base,en,118,marker_pool,0.7458794116973877,0.9823834300041199
xlm-roberta-base,en,119,marker_pool,0.7084540128707886,0.866651177406311
xlm-roberta-base,en,120,marker_pool,0.7131790518760681,0.8737453818321228
xlm-roberta-base,en,121,marker_pool,0.67576664686203,0.8710111379623413
xlm-roberta-base,en,122,marker_pool,0.7334408164024353,0.8932953476905823
xlm-roberta-base,en,123,marker_pool,0.6874323487281799,0.8652876019477844
xlm-roberta-base,en,124,marker_pool,0.6874703168869019,0.9014237523078918
xlm-roberta-base,en,125,marker_pool,0.7245437502861023,0.9162395000457764
xlm-roberta-base,en,126,marker_pool,0.7358387112617493,0.9429087042808533
xlm-roberta-base,en,127,marker_pool,0.7083799242973328,0.8728894591331482
xlm-roberta-base,en,128,marker_pool,0.7330800890922546,0.8942184448242188
xlm-roberta-base,en,129,marker_pool,0.6981260180473328,0.9464605450630188
xlm-roberta-base,en,130,marker_pool,0.7240585684776306,0.9066606163978577
xlm-roberta-base,en,131,marker_pool,0.6966481804847717,0.932693362236023
xlm-roberta-base,en,132,marker_pool,0.691443681716919,0.843956470489502
xlm-roberta-base,en,133,marker_pool,0.7071391344070435,0.9005216956138611
xlm-roberta-base,en,134,marker_pool,0.7096170783042908,0.8640116453170776
xlm-roberta-base,en,135,marker_pool,0.7124296426773071,0.9158454537391663
xlm-roberta-base,en,136,marker_pool,0.7436454892158508,0.9707005620002747
xlm-roberta-base,en,137,marker_pool,0.7156609296798706,0.9143653512001038
xlm-roberta-base,en,138,marker_pool,0.7190299034118652,0.9025698304176331
xlm-roberta-base,en,139,marker_pool,0.6982674598693848,0.8771762847900391
xlm-roberta-base,en,140,marker_pool,0.698746383190155,0.8408098220825195
xlm-roberta-base,en,141,marker_pool,0.7087002396583557,0.8807271718978882
xlm-roberta-base,en,142,marker_pool,0.7533213496208191,0.9808900356292725
xlm-roberta-base,en,143,marker_pool,0.7403820753097534,0.9152560234069824
xlm-roberta-base,en,144,marker_pool,0.7578116059303284,0.9002600908279419
xlm-roberta-base,en,145,marker_pool,0.7496684789657593,0.8973788022994995
xlm-roberta-base,en,146,marker_pool,0.6929514408111572,0.9386820197105408
xlm-roberta-base,en,147,marker_pool,0.7194401025772095,0.9338043332099915
xlm-roberta-base,en,148,marker_pool,0.7314124703407288,0.9169127941131592
xlm-roberta-base,en,149,marker_pool,0.7316319346427917,0.9018942713737488
xlm-roberta-base,en,150,marker_pool,0.7244021892547607,0.9234426021575928
xlm-roberta-base,en,151,marker_pool,0.7362341284751892,0.8776244521141052
xlm-roberta-base,en,152,marker_pool,0.7020252346992493,0.8833334445953369
xlm-roberta-base,en,153,marker_pool,0.7085534334182739,0.8631910681724548
xlm-roberta-base,en,154,marker_pool,0.7045681476593018,0.9842650294303894
xlm-roberta-base,en,155,marker_pool,0.6911839246749878,1.0078872442245483
xlm-roberta-base,en,156,marker_pool,0.7243186831474304,0.9218553304672241
xlm-roberta-base,en,157,marker_pool,0.7299166917800903,0.9731034636497498
xlm-roberta-base,en,158,marker_pool,0.7251467108726501,0.9240575432777405
xlm-roberta-base,en,159,marker_pool,0.7401604652404785,0.9091883301734924
xlm-roberta-base,ru,0,marker_pool,0.5939083099365234,1.0716218948364258
xlm-roberta-base,ru,1,marker_pool,0.5778008699417114,1.2735692262649536
xlm-roberta-base,ru,2,marker_pool,0.5346067547798157,1.3747724294662476
xlm-roberta-base,ru,3,marker_pool,0.6262978315353394,1.0596257448196411
xlm-roberta-base,ru,4,marker_pool,0.6198548078536987,1.218298077583313
xlm-roberta-base,ru,5,marker_pool,0.6590782403945923,1.2010815143585205
xlm-roberta-base,ru,6,marker_pool,0.4970366656780243,1.1822822093963623
xlm-roberta-base,ru,7,marker_pool,0.5767109394073486,1.2181626558303833
xlm-roberta-base,ru,8,marker_pool,0.5596743226051331,1.175216555595398
xlm-roberta-base,ru,9,marker_pool,0.6278976202011108,1.0096889734268188
xlm-roberta-base,ru,10,marker_pool,0.5998416543006897,1.1375722885131836
xlm-roberta-base,ru,11,marker_pool,0.600865364074707,1.1095225811004639
xlm-roberta-base,ru,12,marker_pool,0.630233883857727,1.1796104907989502
xlm-roberta-base,ru,13,marker_pool,0.49325376749038696,1.3787420988082886
xlm-roberta-base,ru,14,marker_pool,0.7015133500099182,1.2462679147720337
xlm-roberta-base,ru,15,marker_pool,0.49378857016563416,1.1781147718429565
xlm-roberta-base,ru,16,marker_pool,0.5785545110702515,1.5543400049209595
xlm-roberta-base,ru,17,marker_pool,0.5709500908851624,1.2065528631210327
xlm-roberta-base,ru,18,marker_pool,0.5756869912147522,1.1080056428909302
xlm-roberta-base,ru,19,marker_pool,0.5408909320831299,1.1776506900787354
xlm-roberta-base,ru,20,marker_pool,0.5718064904212952,1.3947144746780396
xlm-roberta-base,ru,21,marker_pool,0.5920663475990295,1.2247811555862427
xlm-roberta-base,ru,22,marker_pool,0.5985618233680725,1.1727395057678223
xlm-roberta-base,ru,23,marker_pool,0.5992050766944885,1.4337173700332642
xlm-roberta-base,ru,24,marker_pool,0.620361864566803,1.082326054573059
xlm-roberta-base,ru,25,marker_pool,0.5596286654472351,1.3889236450195312
xlm-roberta-base,ru,26,marker_pool,0.5430957674980164,1.3205184936523438
xlm-roberta-base,ru,27,marker_pool,0.6896275281906128,1.2114591598510742
xlm-roberta-base,ru,28,marker_pool,0.5296458005905151,1.5968267917633057
xlm-roberta-base,ru,29,marker_pool,0.48325300216674805,1.4670617580413818
xlm-roberta-base,ru,30,marker_pool,0.7343846559524536,1.2248985767364502
xlm-roberta-base,ru,31,marker_pool,0.5122942328453064,1.4276291131973267
xlm-roberta-base,ru,32,marker_pool,0.6047326326370239,1.1012669801712036
xlm-roberta-base,ru,33,marker_pool,0.6179706454277039,1.2041771411895752
xlm-roberta-base,ru,34,marker_pool,0.4918363690376282,1.2336440086364746
xlm-roberta-base,ru,35,marker_pool,0.6103231906890869,1.1331428289413452
xlm-roberta-base,ru,36,marker_pool,0.5365298390388489,1.262145757675171
xlm-roberta-base,ru,37,marker_pool,0.6076640486717224,1.2170559167861938
xlm-roberta-base,ru,38,marker_pool,0.5572232007980347,1.2459602355957031
xlm-roberta-base,ru,39,marker_pool,0.48347100615501404,1.43732750415802
xlm-roberta-base,ru,40,marker_pool,0.527906060218811,1.0557128190994263
xlm-roberta-base,ru,41,marker_pool,0.6277300119400024,1.0222609043121338
xlm-roberta-base,ru,42,marker_pool,0.5361225605010986,1.257286548614502
xlm-roberta-base,ru,43,marker_pool,0.5982476472854614,1.3755499124526978
xlm-roberta-base,ru,44,marker_pool,0.6323388814926147,1.2941755056381226
xlm-roberta-base,ru,45,marker_pool,0.5224306583404541,1.169212818145752
xlm-roberta-base,ru,46,marker_pool,0.4934835135936737,1.1849684715270996
xlm-roberta-base,ru,47,marker_pool,0.5923872590065002,1.4409624338150024
xlm-roberta-base,ru,48,marker_pool,0.5611447095870972,1.3032094240188599
xlm-roberta-base,ru,49,marker_pool,0.6364044547080994,1.1367979049682617
xlm-roberta-base,ru,50,marker_pool,0.6519572138786316,1.2636489868164062
xlm-roberta-base,ru,51,marker_pool,0.5840592384338379,1.0918874740600586
xlm-roberta-base,ru,52,marker_pool,0.668021023273468,1.1646451950073242
xlm-roberta-base,ru,53,marker_pool,0.7094811201095581,1.2404396533966064
xlm-roberta-base,ru,54,marker_pool,0.5050806403160095,1.1855388879776
xlm-roberta-base,ru,55,marker_pool,0.6742455363273621,1.2012455463409424
xlm-roberta-base,ru,56,marker_pool,0.538200318813324,1.1869637966156006
xlm-roberta-base,ru,57,marker_pool,0.5558170080184937,1.090126872062683
xlm-roberta-base,ru,58,marker_pool,0.5931453704833984,1.2727015018463135
xlm-roberta-base,ru,59,marker_pool,0.5454655289649963,1.234843373298645
xlm-roberta-base,ru,60,marker_pool,0.5832610726356506,1.1462163925170898
xlm-roberta-base,ru,61,marker_pool,0.5453518629074097,1.4417904615402222
xlm-roberta-base,ru,62,marker_pool,0.6566044092178345,1.195403814315796
xlm-roberta-base,ru,63,marker_pool,0.617900550365448,1.3274389505386353
xlm-roberta-base,ru,64,marker_pool,0.6017965078353882,1.0996906757354736
xlm-roberta-base,ru,65,marker_pool,0.631302535533905,1.1221609115600586
xlm-roberta-base,ru,66,marker_pool,0.5461880564689636,1.2781500816345215
xlm-roberta-base,ru,67,marker_pool,0.5761759281158447,1.1527496576309204
xlm-roberta-base,ru,68,marker_pool,0.6092905402183533,1.0214636325836182
xlm-roberta-base,ru,69,marker_pool,0.6105108857154846,1.1835576295852661
xlm-roberta-base,ru,70,marker_pool,0.5703368782997131,1.1684662103652954
xlm-roberta-base,ru,71,marker_pool,0.5749406218528748,1.2006940841674805
xlm-roberta-base,ru,72,marker_pool,0.6195363998413086,1.1609525680541992
xlm-roberta-base,ru,73,marker_pool,0.6083083152770996,1.4017999172210693
xlm-roberta-base,ru,74,marker_pool,0.4900602102279663,1.331103801727295
xlm-roberta-base,ru,75,marker_pool,0.55409836769104,1.2331398725509644
xlm-roberta-base,ru,76,marker_pool,0.5533066987991333,1.2441986799240112
xlm-roberta-base,ru,77,marker_pool,0.5872436165809631,1.2542024850845337
xlm-roberta-base,ru,78,marker_pool,0.6085296273231506,1.158769130706787
xlm-roberta-base,ru,79,marker_pool,0.6680439710617065,1.1052244901657104
xlm-roberta-base,ru,80,marker_pool,0.6144192814826965,1.1021658182144165
xlm-roberta-base,ru,81,marker_pool,0.6016445159912109,1.0935789346694946
xlm-roberta-base,ru,82,marker_pool,0.6285372376441956,1.2824431657791138
xlm-roberta-base,ru,83,marker_pool,0.6198877096176147,1.3411829471588135
xlm-roberta-base,ru,84,marker_pool,0.5548133254051208,1.1368085145950317
xlm-roberta-base,ru,85,marker_pool,0.47782102227211,1.2721614837646484
xlm-roberta-base,ru,86,marker_pool,0.4723989963531494,1.2325139045715332
xlm-roberta-base,ru,87,marker_pool,0.5265440344810486,1.4353153705596924
xlm-roberta-base,ru,88,marker_pool,0.5221256017684937,1.2534865140914917
xlm-roberta-base,ru,89,marker_pool,0.5679118037223816,1.2208855152130127
xlm-roberta-base,ru,90,marker_pool,0.5853660702705383,1.2589775323867798
xlm-roberta-base,ru,91,marker_pool,0.5217260718345642,1.5493313074111938
xlm-roberta-base,ru,92,marker_pool,0.5699227452278137,1.062569260597229
xlm-roberta-base,ru,93,marker_pool,0.49747487902641296,1.2069233655929565
xlm-roberta-base,ru,94,marker_pool,0.5704519152641296,1.0468276739120483
xlm-roberta-base,ru,95,marker_pool,0.6398547291755676,1.2345775365829468
xlm-roberta-base,ru,96,marker_pool,0.5921907424926758,1.1067696809768677
xlm-roberta-base,ru,97,marker_pool,0.500495970249176,1.186549186706543
xlm-roberta-base,ru,98,marker_pool,0.6118454933166504,1.246117115020752
xlm-roberta-base,ru,99,marker_pool,0.6234623789787292,1.2560008764266968
xlm-roberta-base,ru,100,marker_pool,0.5969141721725464,1.133302092552185
xlm-roberta-base,ru,101,marker_pool,0.6668179035186768,1.0977983474731445
xlm-roberta-base,ru,102,marker_pool,0.6634792685508728,1.1419610977172852
xlm-roberta-base,ru,103,marker_pool,0.5859431624412537,1.1871885061264038
xlm-roberta-base,ru,104,marker_pool,0.5822044014930725,1.557181715965271
xlm-roberta-base,ru,105,marker_pool,0.5580734610557556,1.4941132068634033
xlm-roberta-base,ru,106,marker_pool,0.565754771232605,1.0246049165725708
xlm-roberta-base,ru,107,marker_pool,0.607841968536377,1.2899677753448486
xlm-roberta-base,ru,108,marker_pool,0.6564344763755798,1.1793287992477417
xlm-roberta-base,ru,109,marker_pool,0.6469455361366272,1.3534077405929565
xlm-roberta-base,ru,110,marker_pool,0.5839829444885254,1.1724544763565063
xlm-roberta-base,ru,111,marker_pool,0.5977906584739685,1.229673147201538
xlm-roberta-base,ru,112,marker_pool,0.6740784645080566,1.1108455657958984
xlm-roberta-base,ru,113,marker_pool,0.5842950344085693,1.1852699518203735
xlm-roberta-base,ru,114,marker_pool,0.6005560159683228,1.1122002601623535
xlm-roberta-base,ru,115,marker_pool,0.6472574472427368,1.118964672088623
xlm-roberta-base,ru,116,marker_pool,0.5635552406311035,1.1461526155471802
xlm-roberta-base,ru,117,marker_pool,0.6479929089546204,1.3736084699630737
xlm-roberta-base,ru,118,marker_pool,0.6130301356315613,1.1196385622024536
xlm-roberta-base,ru,119,marker_pool,0.5992066860198975,1.3745269775390625
xlm-roberta-base,ru,120,marker_pool,0.5446985363960266,1.182060956954956
xlm-roberta-base,ru,121,marker_pool,0.5505111217498779,1.4883917570114136
xlm-roberta-base,ru,122,marker_pool,0.5890990495681763,1.1925139427185059
xlm-roberta-base,ru,123,marker_pool,0.6316677927970886,1.203615665435791
xlm-roberta-base,ru,124,marker_pool,0.6492407321929932,1.2742087841033936
xlm-roberta-base,ru,125,marker_pool,0.5890379548072815,1.2404893636703491
xlm-roberta-base,ru,126,marker_pool,0.6262902021408081,1.1146458387374878
xlm-roberta-base,ru,127,marker_pool,0.5179265141487122,1.2568732500076294
xlm-roberta-base,ru,128,marker_pool,0.5382693409919739,1.2325133085250854
xlm-roberta-base,ru,129,marker_pool,0.5745516419410706,1.269620656967163
xlm-roberta-base,ru,130,marker_pool,0.5142509341239929,1.4836233854293823
xlm-roberta-base,ru,131,marker_pool,0.5749796628952026,1.074944257736206
xlm-roberta-base,ru,132,marker_pool,0.5578995943069458,1.3363993167877197
xlm-roberta-base,ru,133,marker_pool,0.6156413555145264,1.2518736124038696
xlm-roberta-base,ru,134,marker_pool,0.5550867915153503,1.2598438262939453
xlm-roberta-base,ru,135,marker_pool,0.4929800033569336,1.2013828754425049
xlm-roberta-base,ru,136,marker_pool,0.5475521087646484,1.075026512145996
xlm-roberta-base,ru,137,marker_pool,0.5977540612220764,1.370110034942627
xlm-roberta-base,ru,138,marker_pool,0.5540850758552551,1.1106033325195312
xlm-roberta-base,ru,139,marker_pool,0.602494478225708,1.1043540239334106
xlm-roberta-base,ru,140,marker_pool,0.619357705116272,1.3337023258209229
xlm-roberta-base,ru,141,marker_pool,0.5544490218162537,1.6357648372650146
xlm-roberta-base,ru,142,marker_pool,0.5816139578819275,1.2426880598068237
xlm-roberta-base,ru,143,marker_pool,0.65206378698349,1.0683053731918335
xlm-roberta-base,ru,144,marker_pool,0.639427661895752,1.2243735790252686
xlm-roberta-base,ru,145,marker_pool,0.5472212433815002,1.241610050201416
xlm-roberta-base,ru,146,marker_pool,0.6186824440956116,1.1455038785934448
xlm-roberta-base,ru,147,marker_pool,0.5693496465682983,1.1382781267166138
xlm-roberta-base,ru,148,marker_pool,0.5925567746162415,1.2401092052459717
xlm-roberta-base,ru,149,marker_pool,0.650408923625946,1.1934624910354614
xlm-roberta-base,ru,150,marker_pool,0.558018147945404,1.1473121643066406
xlm-roberta-base,ru,151,marker_pool,0.5580760836601257,1.3521345853805542
xlm-roberta-base,ru,152,marker_pool,0.6461910605430603,1.2363653182983398
xlm-roberta-base,ru,153,marker_pool,0.5818842053413391,1.413930892944336
xlm-roberta-base,ru,154,marker_pool,0.5594381093978882,1.2550932168960571
xlm-roberta-base,ru,155,marker_pool,0.5594888925552368,1.2005902528762817
xlm-roberta-base,ru,156,marker_pool,0.6163350343704224,1.1463806629180908
xlm-roberta-base,ru,157,marker_pool,0.4778515696525574,1.1712380647659302
xlm-roberta-base,ru,158,marker_pool,0.6221405863761902,1.276827096939087
xlm-roberta-base,ru,159,marker_pool,0.5055187344551086,1.3017350435256958
xlm-roberta-base,zh,0,marker_pool,0.5839316248893738,0.9431251883506775
xlm-roberta-base,zh,1,marker_pool,0.49321889877319336,1.0067986249923706
xlm-roberta-base,zh,2,marker_pool,0.5599444508552551,1.0394964218139648
xlm-roberta-base,zh,3,marker_pool,0.49388623237609863,1.0274710655212402
xlm-roberta-base,zh,4,marker_pool,0.5465867519378662,1.0565366744995117
xlm-roberta-base,zh,5,marker_pool,0.5253664255142212,1.0124269723892212
xlm-roberta-base,zh,6,marker_pool,0.5713345408439636,1.0669480562210083
xlm-roberta-base,zh,7,marker_pool,0.541596531867981,0.9663281440734863
xlm-roberta-base,zh,8,marker_pool,0.6633456349372864,0.958962619304657
xlm-roberta-base,zh,9,marker_pool,0.47637104988098145,1.0028071403503418
xlm-roberta-base,zh,10,marker_pool,0.5850140452384949,0.970498263835907
xlm-roberta-base,zh,11,marker_pool,0.440761923789978,0.892869234085083
xlm-roberta-base,zh,12,marker_pool,0.675391674041748,1.062562346458435
xlm-roberta-base,zh,13,marker_pool,0.5017536878585815,0.975070059299469
xlm-roberta-base,zh,14,marker_pool,0.5385507941246033,0.9799858331680298
xlm-roberta-base,zh,15,marker_pool,0.5183019638061523,0.9652948975563049
xlm-roberta-base,zh,16,marker_pool,0.41756951808929443,1.0091768503189087
xlm-roberta-base,zh,17,marker_pool,0.5535396337509155,0.9728967547416687
xlm-roberta-base,zh,18,marker_pool,0.5993857979774475,0.919343888759613
xlm-roberta-base,zh,19,marker_pool,0.5348567962646484,1.0250113010406494
xlm-roberta-base,zh,20,marker_pool,0.5254348516464233,0.9258762001991272
xlm-roberta-base,zh,21,marker_pool,0.6212866306304932,1.026987075805664
xlm-roberta-base,zh,22,marker_pool,0.4600296914577484,0.9060974717140198
xlm-roberta-base,zh,23,marker_pool,0.5059531927108765,0.9534862041473389
xlm-roberta-base,zh,24,marker_pool,0.6588978171348572,0.9286562204360962
xlm-roberta-base,zh,25,marker_pool,0.5104885101318359,0.9318619966506958
xlm-roberta-base,zh,26,marker_pool,0.4330451190471649,0.9605092406272888
xlm-roberta-base,zh,27,marker_pool,0.5502488017082214,0.9181508421897888
xlm-roberta-base,zh,28,marker_pool,0.5647366642951965,1.0653921365737915
xlm-roberta-base,zh,29,marker_pool,0.5251576900482178,0.967266857624054
xlm-roberta-base,zh,30,marker_pool,0.46524137258529663,0.9489969611167908
xlm-roberta-base,zh,31,marker_pool,0.5524066686630249,0.927335798740387
xlm-roberta-base,zh,32,marker_pool,0.5519476532936096,1.0476970672607422
xlm-roberta-base,zh,33,marker_pool,0.5918249487876892,1.010571837425232
xlm-roberta-base,zh,34,marker_pool,0.5505648851394653,0.9291563630104065
xlm-roberta-base,zh,35,marker_pool,0.611430823802948,0.9571653604507446
xlm-roberta-base,zh,36,marker_pool,0.5252293348312378,1.015773892402649
xlm-roberta-base,zh,37,marker_pool,0.4939773678779602,0.908405601978302
xlm-roberta-base,zh,38,marker_pool,0.579734742641449,0.9431779980659485
xlm-roberta-base,zh,39,marker_pool,0.5743503570556641,0.9568448662757874
xlm-roberta-base,zh,40,marker_pool,0.5116580724716187,1.0200235843658447
xlm-roberta-base,zh,41,marker_pool,0.5323798656463623,1.01982581615448
xlm-roberta-base,zh,42,marker_pool,0.44678300619125366,0.9543569087982178
xlm-roberta-base,zh,43,marker_pool,0.5247097611427307,0.934463381767273
xlm-roberta-base,zh,44,marker_pool,0.5648213028907776,1.0137125253677368
xlm-roberta-base,zh,45,marker_pool,0.47504037618637085,1.0360995531082153
xlm-roberta-base,zh,46,marker_pool,0.4043087959289551,1.0434575080871582
xlm-roberta-base,zh,47,marker_pool,0.5804281830787659,1.006516695022583
xlm-roberta-base,zh,48,marker_pool,0.6124882102012634,1.0389312505722046
xlm-roberta-base,zh,49,marker_pool,0.4947555363178253,1.0327004194259644
xlm-roberta-base,zh,50,marker_pool,0.5319865942001343,1.0002732276916504
xlm-roberta-base,zh,51,marker_pool,0.5522711277008057,0.9598739147186279
xlm-roberta-base,zh,52,marker_pool,0.5974124073982239,1.1314256191253662
xlm-roberta-base,zh,53,marker_pool,0.5650308728218079,0.9713700413703918
xlm-roberta-base,zh,54,marker_pool,0.370510071516037,0.9970092177391052
xlm-roberta-base,zh,55,marker_pool,0.5766444802284241,0.9547041058540344
xlm-roberta-base,zh,56,marker_pool,0.5071393847465515,0.9653074741363525
xlm-roberta-base,zh,57,marker_pool,0.4813595116138458,1.0749164819717407
xlm-roberta-base,zh,58,marker_pool,0.47879794239997864,0.9470739960670471
xlm-roberta-base,zh,59,marker_pool,0.5903061032295227,1.0024855136871338
xlm-roberta-base,zh,60,marker_pool,0.5637167096138,1.017019510269165
xlm-roberta-base,zh,61,marker_pool,0.5056567788124084,0.9973222017288208
xlm-roberta-base,zh,62,marker_pool,0.5172539949417114,0.9037913084030151
xlm-roberta-base,zh,63,marker_pool,0.5068118572235107,0.9804331660270691
xlm-roberta-base,zh,64,marker_pool,0.6160504817962646,0.9831037521362305
xlm-roberta-base,zh,65,marker_pool,0.5014830231666565,0.9366453289985657
xlm-roberta-base,zh,66,marker_pool,0.41123831272125244,0.9490832686424255
xlm-roberta-base,zh,67,marker_pool,0.4739532172679901,0.9656243920326233
xlm-roberta-base,zh,68,marker_pool,0.547103226184845,1.011306643486023
xlm-roberta-base,zh,69,marker_pool,0.5365264415740967,1.029586672782898
xlm-roberta-base,zh,70,marker_pool,0.5405150651931763,1.0398497581481934
xlm-roberta-base,zh,71,marker_pool,0.6119376420974731,0.9147855043411255
xlm-roberta-base,zh,72,marker_pool,0.6002448797225952,0.9098345041275024
xlm-roberta-base,zh,73,marker_pool,0.5952136516571045,0.9468231797218323
xlm-roberta-base,zh,74,marker_pool,0.5998738408088684,1.0209630727767944
xlm-roberta-base,zh,75,marker_pool,0.6175593733787537,0.9233500361442566
xlm-roberta-base,zh,76,marker_pool,0.6046895980834961,1.0521107912063599
xlm-roberta-base,zh,77,marker_pool,0.5070273280143738,0.9785258173942566
xlm-roberta-base,zh,78,marker_pool,0.6673405766487122,0.945391058921814
xlm-roberta-base,zh,79,marker_pool,0.5349318981170654,1.0075730085372925
xlm-roberta-base,zh,80,marker_pool,0.4822544455528259,0.9210707545280457
xlm-roberta-base,zh,81,marker_pool,0.3496556580066681,1.0084495544433594
xlm-roberta-base,zh,82,marker_pool,0.5842543244361877,0.923549473285675
xlm-roberta-base,zh,83,marker_pool,0.4867191016674042,0.919776976108551
xlm-roberta-base,zh,84,marker_pool,0.5298744440078735,1.0347479581832886
xlm-roberta-base,zh,85,marker_pool,0.6476774215698242,0.9598302245140076
xlm-roberta-base,zh,86,marker_pool,0.5632742643356323,1.0077037811279297
xlm-roberta-base,zh,87,marker_pool,0.6521981954574585,0.9535583257675171
xlm-roberta-base,zh,88,marker_pool,0.6187443137168884,0.9386232495307922
xlm-roberta-base,zh,89,marker_pool,0.5774643421173096,0.9371657371520996
xlm-roberta-base,zh,90,marker_pool,0.6137449741363525,0.8965290784835815
xlm-roberta-base,zh,91,marker_pool,0.5464624166488647,1.0454827547073364
xlm-roberta-base,zh,92,marker_pool,0.45210275053977966,0.9184855222702026
xlm-roberta-base,zh,93,marker_pool,0.38458961248397827,0.9768898487091064
xlm-roberta-base,zh,94,marker_pool,0.5729262232780457,0.9692046046257019
xlm-roberta-base,zh,95,marker_pool,0.515034556388855,0.9539839625358582
xlm-roberta-base,zh,96,marker_pool,0.54020094871521,0.9335200786590576
xlm-roberta-base,zh,97,marker_pool,0.48044198751449585,0.9695678353309631
xlm-roberta-base,zh,98,marker_pool,0.5289620757102966,0.9557866454124451
xlm-roberta-base,zh,99,marker_pool,0.47972211241722107,0.9127495288848877
xlm-roberta-base,zh,100,marker_pool,0.6133158206939697,0.9331656694412231
xlm-roberta-base,zh,101,marker_pool,0.6198137402534485,0.9524970054626465
xlm-roberta-base,zh,102,marker_pool,0.5651193857192993,1.0051645040512085
xlm-roberta-base,zh,103,marker_pool,0.6002180576324463,0.9863603115081787
xlm-roberta-base,zh,104,marker_pool,0.5373954772949219,1.030877709388733
xlm-roberta-base,zh,105,marker_pool,0.442178338766098,1.024787425994873
xlm-roberta-base,zh,106,marker_pool,0.6471124291419983,0.9511263370513916
xlm-roberta-base,zh,107,marker_pool,0.49100321531295776,1.044938325881958
xlm-roberta-base,zh,108,marker_pool,0.5236290097236633,1.0197875499725342
xlm-roberta-base,zh,109,marker_pool,0.557436466217041,0.9675588011741638
xlm-roberta-base,zh,110,marker_pool,0.5354737043380737,0.9847791194915771
xlm-roberta-base,zh,111,marker_pool,0.5606344938278198,1.055849552154541
xlm-roberta-base,zh,112,marker_pool,0.6407727003097534,0.9345126152038574
xlm-roberta-base,zh,113,marker_pool,0.5500609874725342,0.9944368600845337
xlm-roberta-base,zh,114,marker_pool,0.5920037627220154,0.8920621871948242
xlm-roberta-base,zh,115,marker_pool,0.4743345379829407,0.986625611782074
xlm-roberta-base,zh,116,marker_pool,0.5114200711250305,1.035227656364441
xlm-roberta-base,zh,117,marker_pool,0.5095407366752625,0.9757187962532043
xlm-roberta-base,zh,118,marker_pool,0.4504835605621338,0.9455175399780273
xlm-roberta-base,zh,119,marker_pool,0.5531342029571533,0.9239515662193298
xlm-roberta-base,zh,120,marker_pool,0.48339125514030457,1.0468955039978027
xlm-roberta-base,zh,121,marker_pool,0.5843713879585266,0.9305569529533386
xlm-roberta-base,zh,122,marker_pool,0.4981197416782379,0.9441207647323608
xlm-roberta-base,zh,123,marker_pool,0.5380698442459106,1.0488437414169312
xlm-roberta-base,zh,124,marker_pool,0.5627312660217285,0.901752769947052
xlm-roberta-base,zh,125,marker_pool,0.4691615402698517,1.00990891456604
xlm-roberta-base,zh,126,marker_pool,0.4534117579460144,0.9713959097862244
xlm-roberta-base,zh,127,marker_pool,0.5076385140419006,0.9546721577644348
xlm-roberta-base,zh,128,marker_pool,0.5419354438781738,0.9644071459770203
xlm-roberta-base,zh,129,marker_pool,0.6324828863143921,0.9478668570518494
xlm-roberta-base,zh,130,marker_pool,0.6452813744544983,0.9162094593048096
xlm-roberta-base,zh,131,marker_pool,0.5755769610404968,0.9175089001655579
xlm-roberta-base,zh,132,marker_pool,0.5229851007461548,0.8864047527313232
xlm-roberta-base,zh,133,marker_pool,0.48396462202072144,0.9404398202896118
xlm-roberta-base,zh,134,marker_pool,0.49305596947669983,0.9103349447250366
xlm-roberta-base,zh,135,marker_pool,0.4009135365486145,0.9783922433853149
xlm-roberta-base,zh,136,marker_pool,0.4838363230228424,1.0035841464996338
xlm-roberta-base,zh,137,marker_pool,0.46150293946266174,0.9302975535392761
xlm-roberta-base,zh,138,marker_pool,0.5021178126335144,0.9635215401649475
xlm-roberta-base,zh,139,marker_pool,0.6613492369651794,0.9811164140701294
xlm-roberta-base,zh,140,marker_pool,0.6109194755554199,0.9909331798553467
xlm-roberta-base,zh,141,marker_pool,0.594231903553009,1.0156621932983398
xlm-roberta-base,zh,142,marker_pool,0.5074180960655212,1.0260668992996216
xlm-roberta-base,zh,143,marker_pool,0.4970005452632904,1.0131713151931763
xlm-roberta-base,zh,144,marker_pool,0.601399838924408,0.9205894470214844
xlm-roberta-base,zh,145,marker_pool,0.56452476978302,0.9583184719085693
xlm-roberta-base,zh,146,marker_pool,0.5434470772743225,1.037558913230896
xlm-roberta-base,zh,147,marker_pool,0.5955291390419006,0.8999073505401611
xlm-roberta-base,zh,148,marker_pool,0.6122451424598694,0.9339678287506104
xlm-roberta-base,zh,149,marker_pool,0.5840237140655518,0.96809983253479
xlm-roberta-base,zh,150,marker_pool,0.5925026535987854,0.9755865931510925
xlm-roberta-base,zh,151,marker_pool,0.5242252945899963,0.9839112162590027
xlm-roberta-base,zh,152,marker_pool,0.5878399014472961,1.0918470621109009
xlm-roberta-base,zh,153,marker_pool,0.5750200152397156,0.9000697135925293
xlm-roberta-base,zh,154,marker_pool,0.5611540079116821,0.9452435970306396
xlm-roberta-base,zh,155,marker_pool,0.5608747601509094,0.9514650106430054
xlm-roberta-base,zh,156,marker_pool,0.6047924160957336,1.066188931465149
xlm-roberta-base,zh,157,marker_pool,0.5136856436729431,1.0283279418945312
xlm-roberta-base,zh,158,marker_pool,0.6130585670471191,0.9951385855674744
xlm-roberta-base,zh,159,marker_pool,0.5924244523048401,0.9349575638771057
