model,class,n,mean_cosine_to_centroid,std_cosine_to_centroid
bert-base-uncased,active_to_passive,1000,0.5464166402816772,0.10757390409708023
bert-base-uncased,certainty_to_uncertainty,1000,0.6557191014289856,0.08942022919654846
bert-base-uncased,formalization,1000,0.6752274632453918,0.06396617740392685
bert-base-uncased,negation,1000,0.5550833940505981,0.12724736332893372
bert-base-uncased,past_to_future,1000,0.5956259369850159,0.07868414372205734
bert-base-uncased,question,1000,0.7295361161231995,0.06796202063560486
roberta-base,active_to_passive,1000,0.7785002589225769,0.10619703680276871
roberta-base,certainty_to_uncertainty,1000,0.7224176526069641,0.11732684075832367
roberta-base,formalization,1000,0.8273319005966187,0.05327128991484642
roberta-base,negation,1000,0.7512994408607483,0.09430288523435593
roberta-base,past_to_future,1000,0.774052083492279,0.087297223508358
roberta-base,question,1000,0.8067706227302551,0.0521928109228611
distilroberta-base,active_to_passive,1000,0.8334391117095947,0.10833724588155746
distilroberta-base,certainty_to_uncertainty,1000,0.7789157032966614,0.08368396759033203
distilroberta-base,formalization,1000,0.8718546032905579,0.030955683439970016
distilroberta-base,negation,1000,0.79460608959198,0.10400640219449997
distilroberta-base,past_to_future,1000,0.8138018846511841,0.07366576790809631
distilroberta-base,question,1000,0.8747437000274658,0.02871895395219326
distilgpt2,active_to_passive,1000,0.7477026581764221,0.28288888931274414
distilgpt2,certainty_to_uncertainty,1000,0.9220905303955078,0.07492745667695999
distilgpt2,formalization,1000,0.8637955188751221,0.16379347443580627
distilgpt2,negation,1000,0.8273075222969055,0.17184796929359436
distilgpt2,past_to_future,1000,0.7248216867446899,0.16030669212341309
distilgpt2,question,1000,0.8390146493911743,0.17786148190498352
gpt2,active_to_passive,1000,0.7679111361503601,0.32572847604751587
gpt2,certainty_to_uncertainty,1000,0.9719743728637695,0.059164877980947495
gpt2,formalization,1000,0.8902630805969238,0.20137690007686615
gpt2,negation,1000,0.9381138682365417,0.1303476095199585
gpt2,past_to_future,1000,0.8615145087242126,0.283927321434021
gpt2,question,1000,0.945884644985199,0.06701594591140747
