model,heldout_language,method,triple,basis_rank,relative_jacobi_operator_norm,jacobi_coeff_norm,jacobi_coef_N,jacobi_coef_Q,jacobi_coef_M,jacobi_coef_T
BAAI/bge-m3,en,linear,NQM,4,0.0565314412162031,0.0028920404895351,0.0002974524029834,-0.0011658410307599,0.0025672659771773,-0.0005704212079632
BAAI/bge-m3,en,linear,NQT,4,0.0855856464246828,0.0053670173620511,-0.0020272813543751,-0.0014767267708097,-0.0007227257395305,0.0046895576789879
BAAI/bge-m3,en,linear,NMT,4,0.0797898236787216,0.0066082029898927,-0.000969342392851,-0.0031425759398282,-0.00258966215099,0.0051133734938092
BAAI/bge-m3,en,linear,QMT,4,0.0654132597615797,0.0041575278486691,-0.0011795819784983,-0.002333614896731,-0.0007845684079725,0.003135652738335
BAAI/bge-m3,en,affine,NQM,4,0.0744401382523993,0.0042370328389842,0.0008288060157048,-0.0023339191061661,0.0033424850916058,-0.0008038301345602
BAAI/bge-m3,en,affine,NQT,4,0.1126746283286183,0.0080841982963278,-0.0026138236248183,-0.0033806130754292,-0.0006426448783705,0.0068323239785034
BAAI/bge-m3,en,affine,NMT,4,0.0674395206132313,0.005519640211619,-0.0022595322681783,-0.0011725457781005,-0.0019397379337919,0.0044970540514041
BAAI/bge-m3,en,affine,QMT,4,0.0727641097995969,0.0048879586496998,-0.0007183674255726,-0.0032933066358591,-0.0004488369933364,0.0035112340791622
BAAI/bge-m3,es,linear,NQM,4,0.0553166904479593,0.0028685317178947,0.0011037981962994,-0.0007790942897954,0.0022831604630321,-0.001091006024763
BAAI/bge-m3,es,linear,NQT,4,0.0681840695698286,0.0051499821204367,0.0009885904468739,-0.0020749727968177,-0.0012743424509943,0.004428943889826
BAAI/bge-m3,es,linear,NMT,4,0.0686057753872803,0.0048326570694797,-0.0003610216267145,0.0006662812460578,-0.0041661059045233,0.0023289200565249
BAAI/bge-m3,es,linear,QMT,4,0.0562110969325179,0.0026869662516403,-0.0004401564650999,0.0007631975648336,-0.0018108594698499,0.0017788668812397
BAAI/bge-m3,es,affine,NQM,4,0.0541958433357404,0.0028815132355042,0.0016069132967068,-0.0010559827458996,0.0018483259568663,-0.0010906602499353
BAAI/bge-m3,es,affine,NQT,4,0.0743707021555792,0.006480188933765,4.878627493152231e-05,-0.0026407711289842,-0.00140626589156,0.0057479746522776
BAAI/bge-m3,es,affine,NMT,4,0.0685189323233561,0.0049246724918611,-0.0003644987681088,0.0013625530016161,-0.0042498547021482,0.0020498107543272
BAAI/bge-m3,es,affine,QMT,4,0.0603861606849616,0.003198659508921,-0.0006568277715594,0.0002101837054578,-0.0016708798629986,0.0026389360026163
BAAI/bge-m3,fr,linear,NQM,4,0.0438468762822529,0.0016469746488384,0.0007235657194865,-3.2415154211767536e-05,0.0014645744619429,0.0002072415178063
BAAI/bge-m3,fr,linear,NQT,4,0.0549317212362496,0.0055506531444876,-0.0011264612869988,-0.0010924706257883,-0.0019368884366941,0.0049594159348549
BAAI/bge-m3,fr,linear,NMT,4,0.0667437768225611,0.0053683649105094,0.0022561922200636,-0.0018416439753642,-0.0041647655135309,0.0017297439590359
BAAI/bge-m3,fr,linear,QMT,4,0.0429893421543675,0.0020637276938633,-0.0007052056514407,0.0017777924285029,-0.0005253643338449,0.0005701783768926
BAAI/bge-m3,fr,affine,NQM,4,0.0352662283479921,0.0013190380088425,0.0003732052878715,-0.0003596961946129,0.0007297967978238,0.0009688107985272
BAAI/bge-m3,fr,affine,NQT,4,0.0650129354054751,0.0068337909481769,-0.002466331278302,-0.0015176697561505,-0.0008147730374289,0.0061360192435974
BAAI/bge-m3,fr,affine,NMT,4,0.0626760266919303,0.0051616372972793,0.0029827581343697,-0.0013658615027364,-0.003902017205123,0.0008089113590394
BAAI/bge-m3,fr,affine,QMT,4,0.0443235802347083,0.0021640664961946,-0.0011536226789366,0.0015476776403317,4.27549591417528e-05,0.0009773456142434
BAAI/bge-m3,de,linear,NQM,4,0.0631403290698826,0.0026114579972052,-0.0015458120795143,0.0002567566507408,0.0016800169705475,0.0012416911399245
BAAI/bge-m3,de,linear,NQT,4,0.0933680135876184,0.0056454523575246,-0.0023359051314204,0.0015306289838721,-0.0037438831873474,0.0031709924521058
BAAI/bge-m3,de,linear,NMT,4,0.0323398383611171,0.002040207954183,-9.751960652802194e-05,0.0008757551225361,0.0011359148019232,-0.0014476494571469
BAAI/bge-m3,de,linear,QMT,4,0.064496918676883,0.0043745470748008,-0.0001636635176485,0.0027077118849617,0.0004093530793168,-0.0034074334574764
BAAI/bge-m3,de,affine,NQM,4,0.0617348903229832,0.0025856607368453,-0.0015324712253821,0.0002108350578538,0.0017953795060388,0.0010340862619311
BAAI/bge-m3,de,affine,NQT,4,0.1002068828234199,0.0065669362387631,-0.00313845295821,0.0009386702366982,-0.003015916008727,0.0048267912124023
BAAI/bge-m3,de,affine,NMT,4,0.0259800130402026,0.0015877004126808,0.0004866377787513,0.0010240152662895,-0.0001375726151862,-0.001102924649591
BAAI/bge-m3,de,affine,QMT,4,0.0668878529423078,0.0046530335628909,-0.000588864178774,0.0025381726433429,0.0017459721599474,-0.0034370366837756
BAAI/bge-m3,ru,linear,NQM,4,0.0631216678397804,0.003508326207139,-0.0004979169866928,-0.0012132370995844,0.0031919114117483,0.0006326047184491
BAAI/bge-m3,ru,linear,NQT,4,0.0665945894617573,0.0072313028664988,-0.0044334507990103,0.0018034594233153,-0.0012887951309172,0.0052652441898518
BAAI/bge-m3,ru,linear,NMT,4,0.0856294229236646,0.0076995679426395,0.0011530561318348,-0.0008461690717258,-0.006716033745341,0.0034832020747661
BAAI/bge-m3,ru,linear,QMT,4,0.0733503162137922,0.0050707661810879,-0.0020649636870822,0.0040564179810259,0.0015631409276703,-0.0015970780312018
BAAI/bge-m3,ru,affine,NQM,4,0.0776065663390477,0.0047928118866892,-0.0008337526273941,-0.0016120002403332,0.0044197206216393,0.0003787178228247
BAAI/bge-m3,ru,affine,NQT,4,0.0709741424787292,0.008208024799585,-0.0028533646609104,0.0002734096958556,-0.0032767616988729,0.0069583087837118
BAAI/bge-m3,ru,affine,NMT,4,0.084286165714226,0.0073840177834608,0.0015265735053444,-0.0004605761779877,-0.0065650688511423,0.0029801061261769
BAAI/bge-m3,ru,affine,QMT,4,0.0664241426196734,0.0046578108586032,-0.0012439463788922,0.0038385760006002,0.0012696132309732,-0.0019496707240755
BAAI/bge-m3,zh,linear,NQM,4,0.0496777527659851,0.003331817570743,0.0003730087698854,-0.0015187104285762,0.0029418829830331,-2.675687900905295e-05
BAAI/bge-m3,zh,linear,NQT,4,0.0574131257505153,0.005974175631504,-0.0007174931987942,-0.0027888460027834,-0.0010366364716875,0.0051306628016336
BAAI/bge-m3,zh,linear,NMT,4,0.0707856028218903,0.0058872043721251,-2.5576262324919843e-05,-0.0005429615407384,-0.0045613870751548,0.003682045883726
BAAI/bge-m3,zh,linear,QMT,4,0.0316480275128337,0.001747336700969,-0.0007636958151758,0.0012129057071881,-0.0007849475053409,0.0006186044032868
BAAI/bge-m3,zh,affine,NQM,4,0.0495540396088362,0.0035905267144775,0.0004188595102608,-0.0015905787485292,0.0031408406583171,-0.0005671137468177
BAAI/bge-m3,zh,affine,NQT,4,0.0691430009423842,0.007568584881882,-0.0006713296604109,-0.0034974090915187,-0.0008078648934379,0.0066293497088189
BAAI/bge-m3,zh,affine,NMT,4,0.0726049187704603,0.0063357899914987,-0.000121681706685,-0.0004328147984191,-0.004627904734375,0.004303788737665
BAAI/bge-m3,zh,affine,QMT,4,0.03608152400607,0.0018615775030635,-0.0009659135425676,0.0010774030639747,-0.0001696869019679,0.0011588316621645
BAAI/bge-m3,ar,linear,NQM,4,0.0430448940417053,0.0021698109630506,-0.0017254343061959,0.0012388593298396,0.0002266318144376,0.0003805544007506
BAAI/bge-m3,ar,linear,NQT,4,0.0483098346864554,0.0018643856832313,0.0006963689368457,0.0012365382537889,-0.0006340670003692,-0.001029532158601
BAAI/bge-m3,ar,linear,NMT,4,0.034341720890359,0.0027969107049908,0.0008397948186825,0.00109581627874,-0.0003749790151698,-0.0024033375908592
BAAI/bge-m3,ar,linear,QMT,4,0.0991405605087803,0.0077834417634301,-0.000375346562959,0.0063573289296516,-0.0018903096650949,-0.0040561285596792
BAAI/bge-m3,ar,affine,NQM,4,0.0527023089600715,0.0028610286264421,-0.0019805071921622,0.0018484902422456,0.0008981807217812,0.0001985731060806
BAAI/bge-m3,ar,affine,NQT,4,0.0670060752018767,0.0028624477779514,-0.000280989673452,0.002384033989811,-0.0015197530242422,0.000348403165377
BAAI/bge-m3,ar,affine,NMT,4,0.0437404942017023,0.0042382440388279,-0.0001160253385274,0.0018544793722674,0.0014318618458755,-0.0035298624003833
BAAI/bge-m3,ar,affine,QMT,4,0.0932220484444012,0.0075585101528517,-0.0005519530713214,0.0064150576704769,-0.00132025837558,-0.0037323419516421
bert-base-multilingual-cased,en,linear,NQM,4,0.0662105962514572,0.0069137949346262,0.0036155380372772,-0.0004315105389081,-0.0055523611439659,0.0019270520182009
bert-base-multilingual-cased,en,linear,NQT,4,0.0116952002910959,0.0015268054336419,0.001295850517416,-0.0002027301673956,-8.134503286256784e-05,-0.0007772964258039
bert-base-multilingual-cased,en,linear,NMT,4,0.0461789593152225,0.0025524200093711,0.0009918842640432,-7.408003742541858e-05,0.0014352849082284,-0.0018615807506654
bert-base-multilingual-cased,en,linear,QMT,4,0.0596016605507549,0.0056398621884361,0.0024214024701971,-0.0004675628472073,-0.0044891853400534,0.0023608167121647
bert-base-multilingual-cased,en,affine,NQM,4,0.0766408498633072,0.0083159978053498,0.0039008226742178,-0.0005591669017845,-0.0067491766108348,0.0028417159278506
bert-base-multilingual-cased,en,affine,NQT,4,0.0347386163238881,0.0049285535752453,0.0031522930017355,0.0002216234699032,0.0003149601812994,-0.0037690014986806
bert-base-multilingual-cased,en,affine,NMT,4,0.0379828368253745,0.0022539401823246,0.0007170866375952,0.0004358578473215,0.0010961582214018,-0.001781712151348
bert-base-multilingual-cased,en,affine,QMT,4,0.0739704918510549,0.0074038331036188,0.0010868197116294,-0.0010919005752551,-0.0051983910979557,0.0050418300910589
bert-base-multilingual-cased,es,linear,NQM,4,0.0842251560043786,0.0092608239592191,0.0060968984498277,-0.0013483705589236,-0.0066719440589872,0.001502580781758
bert-base-multilingual-cased,es,linear,NQT,4,0.0099749568674471,0.0012699926619455,0.0006774472701772,0.0001847384973128,0.0002915080408658,-0.0010172715012454
bert-base-multilingual-cased,es,linear,NMT,4,0.0616309497431446,0.002144679308753,-0.0008264482360554,0.0011639729526,0.0008514854494138,-0.0013552756714284
bert-base-multilingual-cased,es,linear,QMT,4,0.0834399250449545,0.0082989658899676,0.0042194462407142,-0.0005876998862447,-0.0066196661250781,0.0026274964321136
bert-base-multilingual-cased,es,affine,NQM,4,0.0942908634211679,0.0113328884332894,0.0070322342488622,-0.0014208650433444,-0.0084603485403109,0.0023207082573159
bert-base-multilingual-cased,es,affine,NQT,4,0.0388264999196049,0.0055051238412274,0.0030296080995261,0.0004383439506002,0.0012577738270392,-0.0043992866298438
bert-base-multilingual-cased,es,affine,NMT,4,0.0579350431231856,0.0021121247865909,-0.0008372038073555,0.0013658855255126,0.0005423897627863,-0.0012650418868562
bert-base-multilingual-cased,es,affine,QMT,4,0.0981001737419441,0.0105154982551183,0.0028315797749208,-0.0010006356129934,-0.0081668856945016,0.0059041143243174
bert-base-multilingual-cased,fr,linear,NQM,4,0.0633224617332387,0.0070327037512825,0.0052997380123457,-0.0008063833635289,-0.0045422076199323,-0.0002996579087121
bert-base-multilingual-cased,fr,linear,NQT,4,0.0157004726793589,0.001836998920939,0.0016091211055454,-0.0003213928332462,1.0467284423512906e-05,-0.0008257671499364
bert-base-multilingual-cased,fr,linear,NMT,4,0.0277341434478792,0.0008836472543496,-0.0003209588896792,0.0005511773178371,0.0004226801366624,-0.0004419987869083
bert-base-multilingual-cased,fr,linear,QMT,4,0.0613812115860743,0.0055352832015636,0.0033557011435024,-0.0004055632818974,-0.0042185097353509,0.0011909340847142
bert-base-multilingual-cased,fr,affine,NQM,4,0.078026248829646,0.0090531283977144,0.0062177091886107,-0.0008715571091421,-0.0065073969654413,0.0004397717260573
bert-base-multilingual-cased,fr,affine,NQT,4,0.0357145869307418,0.0051277370265059,0.0036997234712957,-0.0002444434615856,0.0003433883414109,-0.0035253460950684
bert-base-multilingual-cased,fr,affine,NMT,4,0.0291445975870054,0.0010512137952518,-0.0001746326144791,0.0007747970924512,0.0002745278608682,-0.0006315677417539
bert-base-multilingual-cased,fr,affine,QMT,4,0.0768766198436639,0.0073885629359712,0.0021813302153852,-0.0006785013673657,-0.0058142096314626,0.0039455370998312
bert-base-multilingual-cased,de,linear,NQM,4,0.0736524327257567,0.0080787066288919,0.0050842891461555,-0.0005095618673318,-0.0061484638357978,0.0011628601967716
bert-base-multilingual-cased,de,linear,NQT,4,0.0231028473745673,0.0030555646399501,0.0017684402673202,0.0002042656023491,0.0006792868662622,-0.0023887107834257
bert-base-multilingual-cased,de,linear,NMT,4,0.0348775786597186,0.0014713084455461,0.0005202892038353,-0.0002046772956586,0.0009420516812424,-0.0009821881290353
bert-base-multilingual-cased,de,linear,QMT,4,0.0800770560511084,0.0076931376670176,0.0029010709512049,-0.0007886038201239,-0.0060016497193348,0.003758518213479
bert-base-multilingual-cased,de,affine,NQM,4,0.0850389246852837,0.009672120556342,0.0056547649848208,-0.0007577606195752,-0.007536359328779,0.0020500331543181
bert-base-multilingual-cased,de,affine,NQT,4,0.048948424566988,0.0066310928228566,0.0038196555808521,0.0002270591734618,0.0015143696671005,-0.005199687674478
bert-base-multilingual-cased,de,affine,NMT,4,0.026259168939696,0.0012070273837627,0.0002883380005264,0.0003582895471523,0.0005429208857653,-0.0009750086229396
bert-base-multilingual-cased,de,affine,QMT,4,0.0963380278888979,0.0099794355036997,0.0012114840198747,-0.0010779936487332,-0.0071977469638146,0.0067195094895594
bert-base-multilingual-cased,ru,linear,NQM,4,0.0883737370824607,0.0098551384000063,0.0070732401487564,-0.0018100242871128,-0.0064831646615226,0.0013361941224785
bert-base-multilingual-cased,ru,linear,NQT,4,0.0078557907747062,0.0008787390532497,0.0003181574891668,-9.026581008703474e-06,0.0005951045280611,-0.0005627852674952
bert-base-multilingual-cased,ru,linear,NMT,4,0.0548813896327191,0.0020314667758718,-0.0011477300248731,0.0009603825800888,0.0010358213528566,-0.000902392639766
bert-base-multilingual-cased,ru,linear,QMT,4,0.0816309590075188,0.0078853041874647,0.0043753408407553,-0.0011565835165355,-0.0057710973483413,0.0028967507005803
bert-base-multilingual-cased,ru,affine,NQM,4,0.1078419728624827,0.0132160852098975,0.0091780494750658,-0.0020627044752244,-0.0091163753505796,0.0017507903426022
bert-base-multilingual-cased,ru,affine,NQT,4,0.0370781356093775,0.0050795587529606,0.0023765628177586,0.0002767850007338,0.0019002198079285,-0.0040578838133873
bert-base-multilingual-cased,ru,affine,NMT,4,0.0680872592878743,0.0026247352090317,-0.0015840218273514,0.0017441694334726,0.00066331895182,-0.0009476237246404
bert-base-multilingual-cased,ru,affine,QMT,4,0.1029539572788303,0.0107736416251614,0.0034786593872901,-0.0018457013264657,-0.0078755069907913,0.0062080640288344
bert-base-multilingual-cased,zh,linear,NQM,4,0.0670272954027848,0.0071477142771545,0.0048403575311731,-0.0008251429822209,-0.0050942153736206,0.0010143308850236
bert-base-multilingual-cased,zh,linear,NQT,4,0.0083475665834796,0.0008630040601414,0.0004167848889716,-0.0003952667357168,0.0005081953245056,-0.0003956868508453
bert-base-multilingual-cased,zh,linear,NMT,4,0.0427211767198133,0.0016178409367036,0.0002238588883745,0.0007815612966978,0.0005982278431962,-0.0012643503793247
bert-base-multilingual-cased,zh,linear,QMT,4,0.0722491313330471,0.0067682378122711,0.0039222561955615,-0.0003936606685807,-0.0051571983153696,0.0019165819141892
bert-base-multilingual-cased,zh,affine,NQM,4,0.0797474752893731,0.009168349381475,0.0058783087170177,-0.0007331100167604,-0.0068835112595795,0.0012585465628234
bert-base-multilingual-cased,zh,affine,NQT,4,0.0362936791182873,0.0046933541169521,0.0026960421329142,-0.0001837765726745,0.001140036079777,-0.0036640788191311
bert-base-multilingual-cased,zh,affine,NMT,4,0.04554787247162,0.0018422321013521,0.000137208785821,0.0013022265268637,0.0002232203836629,-0.0012764684083028
bert-base-multilingual-cased,zh,affine,QMT,4,0.0849063160320334,0.008373150170154,0.0026470393970884,-0.0008774192799187,-0.0064490656372303,0.0045543950219688
bert-base-multilingual-cased,ar,linear,NQM,4,0.0595031024413195,0.0066008044377604,0.0044625853046232,-0.0015440657843518,-0.004420484718396,0.0013157231215341
bert-base-multilingual-cased,ar,linear,NQT,4,0.0308048447171408,0.0036040106040849,0.0019673119998244,6.804750116997695e-05,0.0010790835503918,-0.0028194900529283
bert-base-multilingual-cased,ar,linear,NMT,4,0.0314199103534484,0.0010093626123005,-0.000115714662764,0.0008020330507323,0.0002120078830409,-0.0005632216641723
bert-base-multilingual-cased,ar,linear,QMT,4,0.0678473540217319,0.0069554543530947,0.001618783527773,-0.0014230037736121,-0.0047919210398914,0.0045574596164888
bert-base-multilingual-cased,ar,affine,NQM,4,0.0655645751895493,0.0074509674753864,0.0049196820644168,-0.0015293451152296,-0.0051976929282489,0.0013995486581312
bert-base-multilingual-cased,ar,affine,NQT,4,0.0537208897573947,0.0062350485064713,0.0035365774366069,0.0005305241876213,0.0011354369190683,-0.0049797366398333
bert-base-multilingual-cased,ar,affine,NMT,4,0.0360045459622704,0.0013082066750838,-4.627367375569121e-05,0.0011329121301345,-0.0002085540108735,-0.0006182869736568
bert-base-multilingual-cased,ar,affine,QMT,4,0.0789485836460102,0.0081080992046433,0.0002663191472788,-0.0017718208481451,-0.0049095521357632,0.0061989753614956
distilbert-base-multilingual-cased,en,linear,NQM,4,0.0237763142995146,0.0022219318587737,-0.000859552410429,0.000655319745668,-0.0012325827652513,0.0014998155208232
distilbert-base-multilingual-cased,en,linear,NQT,4,0.0328844903183261,0.0037536161781941,-0.0031386353721285,0.0004597307736433,0.0008781120779311,0.0018044858570743
distilbert-base-multilingual-cased,en,linear,NMT,4,0.039137416905135,0.0017397317912891,0.00022490438336,-0.0013768084139032,0.0010267039056196,0.0001623650379802
distilbert-base-multilingual-cased,en,linear,QMT,4,0.0354269291239714,0.0035465193053296,0.0029235156354255,-0.0005355978304105,-0.0018955363077622,-0.0003885004279446
distilbert-base-multilingual-cased,en,affine,NQM,4,0.0499356006996062,0.0049929988982244,0.0029045182331471,-0.0007421327065456,-0.0037043391614709,0.0014902758985016
distilbert-base-multilingual-cased,en,affine,NQT,4,0.0323230749889547,0.0044846627344239,0.0021407170451583,0.0006880450309547,0.000858948884338,-0.0037839570853237
distilbert-base-multilingual-cased,en,affine,NMT,4,0.0341602811029934,0.0013064827822979,-0.0009279285274494,5.894693151953126e-05,0.0009173615042446,-2.8618843108383783e-05
distilbert-base-multilingual-cased,en,affine,QMT,4,0.0583328497580621,0.0064918495868687,-0.0005682004489614,-0.0014586427271173,-0.0032839128295553,0.0053767589894691
distilbert-base-multilingual-cased,es,linear,NQM,4,0.0404307497244689,0.0039622419553935,-0.0006427029831607,-0.0001970471336346,-0.0022109179499435,0.0032185879565829
distilbert-base-multilingual-cased,es,linear,NQT,4,0.049159972703868,0.0061130979738882,-0.0046440313256906,-0.0002718181860853,0.0009482526250533,0.0038509572468612
distilbert-base-multilingual-cased,es,linear,NMT,4,0.0132813839966592,0.000505798094366,0.0001189148239736,-0.0002306539355826,0.0003615407338861,-0.0002403706235066
distilbert-base-multilingual-cased,es,linear,QMT,4,0.0496147153793262,0.0053655320539846,0.0043577940088466,8.201891081723381e-06,-0.0029025667994969,-0.001172008661332
distilbert-base-multilingual-cased,es,affine,NQM,4,0.0619109677593565,0.0064399660795767,0.0037201356060034,-0.0011644971036834,-0.0046832998197639,0.0020843232649367
distilbert-base-multilingual-cased,es,affine,NQT,4,0.0306557808563349,0.0043278647942277,0.0022301664280139,0.0003828521851943,0.0007533989666258,-0.003611452004645
distilbert-base-multilingual-cased,es,affine,NMT,4,0.0295238012187798,0.0012752607082326,-0.0010954465100545,0.0003223427434787,0.0004464044390895,0.00035086329255
distilbert-base-multilingual-cased,es,affine,QMT,4,0.0688278642227241,0.0077495708384062,8.890320193821397e-05,-0.0013964200842126,-0.0045810553241475,0.0060919526808461
distilbert-base-multilingual-cased,fr,linear,NQM,4,0.0460714990752543,0.0040444975013475,0.0010765696689309,-0.0005454324725275,-0.0028621994111297,0.0025902269659597
distilbert-base-multilingual-cased,fr,linear,NQT,4,0.0414517666305438,0.0059583546953879,-0.0044213441244914,0.0002765295287391,8.69981944913445e-05,0.0039836753811985
distilbert-base-multilingual-cased,fr,linear,NMT,4,0.0184508192344926,0.0006627230119627,-0.0002911564602006,1.1496481880059887e-05,0.0005412386760859,-0.0002477059399399
distilbert-base-multilingual-cased,fr,linear,QMT,4,0.0481423705477956,0.005344542345254,0.0043848532181488,-0.0004766831541116,-0.0029561051252837,-0.0006094348155139
distilbert-base-multilingual-cased,fr,affine,NQM,4,0.0678066760467847,0.0071024065009636,0.0046516135433104,-0.0017976229135974,-0.004680666982558,0.0019148310650085
distilbert-base-multilingual-cased,fr,affine,NQT,4,0.0278396135700223,0.0041467799650977,0.0025516837428559,8.6972951426071e-05,0.0003853916845791,-0.0032447809033212
distilbert-base-multilingual-cased,fr,affine,NMT,4,0.0433522773866187,0.0021309695763367,-0.0017473699595514,0.0010034871116518,7.451021302226277e-05,0.0006893412831349
distilbert-base-multilingual-cased,fr,affine,QMT,4,0.0724995261478698,0.008430187286531,-6.882229656106527e-05,-0.0014435741123067,-0.0049149376371835,0.0066949834191251
distilbert-base-multilingual-cased,de,linear,NQM,4,0.0384907894588607,0.0031039711862508,0.0003060894933253,-0.0006319402846419,-0.0018699399972833,0.0023759045078365
distilbert-base-multilingual-cased,de,linear,NQT,4,0.0406990814849146,0.0042505575293561,-0.0032462732577921,-0.0001543814982284,0.0006659949817388,0.0026573607740413
distilbert-base-multilingual-cased,de,linear,NMT,4,0.0192772421848197,0.0006429245495901,3.140796515726564e-05,-2.5696167341859736e-05,0.0004637874697115,-0.0004434032094074
distilbert-base-multilingual-cased,de,linear,QMT,4,0.0452038747537707,0.0040287217630149,0.0032720339626774,-0.0004148930395143,-0.0022970521814629,-0.0002753322216418
distilbert-base-multilingual-cased,de,affine,NQM,4,0.0598409120625095,0.0058006325353323,0.0036137761022618,-0.0015532489037934,-0.0038365463498803,0.0018591100130873
distilbert-base-multilingual-cased,de,affine,NQT,4,0.0313310315297082,0.0036185602726339,0.001663525446288,0.0002624022304368,0.0009054781306476,-0.0030721191319051
distilbert-base-multilingual-cased,de,affine,NMT,4,0.0329390088730807,0.0015165199761938,-0.0012715304749313,0.0004009700360181,0.000247833691386,0.0006788553462597
distilbert-base-multilingual-cased,de,affine,QMT,4,0.0680719554806489,0.0071334350832266,0.0003379010987315,-0.0016754866272945,-0.0039791156621465,0.0056684302979839
distilbert-base-multilingual-cased,ru,linear,NQM,4,0.0515364455149482,0.0046239961418136,-0.0007344157948663,-0.0003740056682377,-0.0025593544547672,0.0037618875973036
distilbert-base-multilingual-cased,ru,linear,NQT,4,0.0558833872861636,0.0070776099628411,-0.0055322384761481,4.157435740738576e-05,0.0013329387252812,0.0042081404630295
distilbert-base-multilingual-cased,ru,linear,NMT,4,0.0241805370405793,0.0008954613419338,3.873677404677431e-05,-0.0005463856861116,0.0006973892999777,-0.0001243435704946
distilbert-base-multilingual-cased,ru,linear,QMT,4,0.0590868026286623,0.0054672847791032,0.0041020829980241,-0.0005123019007326,-0.0035769269309652,8.519639767077701e-05
distilbert-base-multilingual-cased,ru,affine,NQM,4,0.0853874786142171,0.0084226002250774,0.0048598228372699,-0.0016504655363515,-0.0060826377254229,0.0027567731782649
distilbert-base-multilingual-cased,ru,affine,NQT,4,0.0335617901497931,0.004575190141691,0.0018249102057689,0.0006737223360888,0.0013022488120483,-0.0039309431207893
distilbert-base-multilingual-cased,ru,affine,NMT,4,0.0381093662675365,0.0015940005827702,-0.001340494349983,0.0003500970537317,0.0007205159182281,0.0003196898811093
distilbert-base-multilingual-cased,ru,affine,QMT,4,0.0960834202544461,0.0100156483176714,0.001072685318722,-0.0020997761347825,-0.0063079540634266,0.007413717903169
distilbert-base-multilingual-cased,zh,linear,NQM,4,0.0381280692335133,0.0044341481871871,-0.0025079251194509,0.000121119128681,-0.0008769469146876,0.0035479960550498
distilbert-base-multilingual-cased,zh,linear,NQT,4,0.0660493217949801,0.0089998730921741,-0.0073006042324984,0.0008404831891475,0.0014828161731456,0.0049793310515655
distilbert-base-multilingual-cased,zh,linear,NMT,4,0.0186227323583932,0.0009392766235052,-0.0004448146071561,-0.0004346397455326,0.0006599572041435,0.000244796488999
distilbert-base-multilingual-cased,zh,linear,QMT,4,0.0450517368455247,0.0049855951589796,0.0042380375474685,-0.0004332442035422,-0.0023127452034104,-0.0011656354145646
distilbert-base-multilingual-cased,zh,affine,NQM,4,0.0497769613030296,0.0051674918316637,0.0015509394402358,-0.001298514296956,-0.0034562698643044,0.0032658257652137
distilbert-base-multilingual-cased,zh,affine,NQT,4,0.0251843616703389,0.0028070493238027,-0.000151278702896,0.0005563687330645,0.0016065960626262,-0.0022284397197889
distilbert-base-multilingual-cased,zh,affine,NMT,4,0.01705589682937,0.0009262868534884,-0.0007846089612488,0.0001483085181061,0.0003602911125673,0.0003009834057478
distilbert-base-multilingual-cased,zh,affine,QMT,4,0.0675733124820209,0.0077461082017129,0.0002585298961334,-0.0017928027136314,-0.004341946997894,0.006153755703871
distilbert-base-multilingual-cased,ar,linear,NQM,4,0.0430060384303898,0.0043488925483095,0.0013785403695379,-0.0004619793255883,-0.0032510490996727,0.0024959462535363
distilbert-base-multilingual-cased,ar,linear,NQT,4,0.0192508848097925,0.0023654167409512,-0.0020548663148784,0.0004967605549234,0.0009060977302432,0.0005522106850381
distilbert-base-multilingual-cased,ar,linear,NMT,4,0.0210859702839596,0.0008916144280733,-0.0003299508664614,-0.0004530434935224,0.0006665965358463,0.0001910742406619
distilbert-base-multilingual-cased,ar,linear,QMT,4,0.0495780550520442,0.0054798397821298,0.002464621891889,-0.0010430439403228,-0.0038684473517136,0.002810953111208
distilbert-base-multilingual-cased,ar,affine,NQM,4,0.0683480515494272,0.0077743538547475,0.005000598127877,-0.001749984313617,-0.0052966269820051,0.0020779542193922
distilbert-base-multilingual-cased,ar,affine,NQT,4,0.0371545298552276,0.0049440933863847,0.0024924321784424,0.0005468901532123,0.0008903363277934,-0.0041400547862181
distilbert-base-multilingual-cased,ar,affine,NMT,4,0.0342603022653945,0.001802050860307,-0.0013062490396783,-0.00021007791735,0.0005057911647779,0.0011140661182117
distilbert-base-multilingual-cased,ar,affine,QMT,4,0.0766871198699648,0.0092206798598196,0.0006265461699723,-0.0021947410880522,-0.0052795717055048,0.0072067753632969
intfloat/multilingual-e5-large,en,linear,NQM,4,0.0740547653654669,0.0109209453916335,0.0039198024780796,-0.0008911396708851,-0.0080895207864183,0.0061374033852243
intfloat/multilingual-e5-large,en,linear,NQT,4,0.0654057914926901,0.0148842933328213,-0.0002460778754273,-0.0032767740985449,-0.0075947226294511,0.0123719268259031
intfloat/multilingual-e5-large,en,linear,NMT,4,0.0913691308858199,0.0127675135893674,0.0047112923739681,-0.0014454879467144,-0.0101470987607785,0.005979973140122
intfloat/multilingual-e5-large,en,linear,QMT,4,0.1403818131628776,0.0184284710065629,-0.0012533749568719,-0.0003966879502062,-0.0117993920125716,0.0140944876338602
intfloat/multilingual-e5-large,en,affine,NQM,4,0.0697762087647044,0.0100007537571575,0.0046782069218719,-0.0013599440614528,-0.0074618645550725,0.004538786756273
intfloat/multilingual-e5-large,en,affine,NQT,4,0.05387985513625,0.0124600661577006,0.0001766631451415,-0.0050363462493578,-0.0050565961048724,0.0102121540859993
intfloat/multilingual-e5-large,en,affine,NMT,4,0.0987794817114488,0.0131791328869732,0.0056679420632024,-0.0005087296032708,-0.0107871083783145,0.0049943431445919
intfloat/multilingual-e5-large,en,affine,QMT,4,0.1451893574312515,0.0191224094865028,-0.0010153363210157,-0.0004553245067022,-0.0123731921851775,0.0145372773058429
intfloat/multilingual-e5-large,es,linear,NQM,4,0.073457241348156,0.0080431786584857,0.0041622168173056,0.0002702841179841,-0.0056503256752125,0.0039203877815411
intfloat/multilingual-e5-large,es,linear,NQT,4,0.0728922637715898,0.0123749480827764,0.0022092952769498,-0.0001487632572473,-0.0093337222252956,0.0078177908225389
intfloat/multilingual-e5-large,es,linear,NMT,4,0.0884279199787987,0.0095941797177734,0.0020518025823332,-0.0008891535770346,-0.0073917711546732,0.0056929355989201
intfloat/multilingual-e5-large,es,linear,QMT,4,0.118518901891164,0.0153681620437487,-0.0010056343026486,0.0007456594747296,-0.0102673058221741,0.0113664210441964
intfloat/multilingual-e5-large,es,affine,NQM,4,0.0720701221690349,0.0074634810965742,0.0045318726278933,-0.0003021719862774,-0.0051870561194606,0.0028581150200345
intfloat/multilingual-e5-large,es,affine,NQT,4,0.0607670759872151,0.0103550310273819,0.0019572512401785,-0.0010591702938589,-0.0078057633878101,0.0064299340107804
intfloat/multilingual-e5-large,es,affine,NMT,4,0.0934552517999603,0.009110769296142,0.0025892149127001,-0.0002013707550455,-0.007311933070021,0.0047746379864781
intfloat/multilingual-e5-large,es,affine,QMT,4,0.121976715692239,0.0154695993937905,-0.001105144077318,0.0007250641514234,-0.0101620259752766,0.0115885578061662
intfloat/multilingual-e5-large,fr,linear,NQM,4,0.1132148506692159,0.0143919153280542,0.0056901481298115,-0.0001946065995295,-0.0123812098736713,0.0046278733135433
intfloat/multilingual-e5-large,fr,linear,NQT,4,0.0781808804485999,0.0156947168516823,0.0023764709387644,-0.0010457885065159,-0.012519575533549,0.0091018172795923
intfloat/multilingual-e5-large,fr,linear,NMT,4,0.0619030705873351,0.0057350215705194,0.0034878134553058,0.0005142477200531,-0.0044954130152421,0.0005024348914258
intfloat/multilingual-e5-large,fr,linear,QMT,4,0.1327197212018786,0.017817382193828,-0.0015837432950231,0.0014112851783046,-0.0126436609918067,0.0123732362899192
intfloat/multilingual-e5-large,fr,affine,NQM,4,0.124055554420883,0.0152119153350759,0.0070663725395039,-0.0003931705078101,-0.0130331778196473,0.003383849903247
intfloat/multilingual-e5-large,fr,affine,NQT,4,0.0693326861483751,0.0137788356770522,0.0030893729301406,-0.0017814998964824,-0.0111580001376629,0.007255162200838
intfloat/multilingual-e5-large,fr,affine,NMT,4,0.0775097703798224,0.0067475711590257,0.0046422597447131,0.0011397992992597,-0.004696585865132,-0.000788720341807
intfloat/multilingual-e5-large,fr,affine,QMT,4,0.1414258550041945,0.0196685009760823,-0.0014753120438799,0.0016977298979303,-0.0141740732317577,0.0134494143453823
intfloat/multilingual-e5-large,de,linear,NQM,4,0.1170403714248054,0.0140489784946255,0.0058009332856867,-0.0005752801994632,-0.0120109515292113,0.0043736787504917
intfloat/multilingual-e5-large,de,linear,NQT,4,0.0450964677351146,0.0074550155063712,0.0017113158823912,-0.0003447685264183,-0.0066271710529478,0.0029343470566844
intfloat/multilingual-e5-large,de,linear,NMT,4,0.0402777825380602,0.00296312962196,0.0018742347880459,0.000774400576603,-0.0015282123942007,-0.0015271711564141
intfloat/multilingual-e5-large,de,linear,QMT,4,0.1174489223099009,0.0147617503107025,9.753549445979424e-05,-0.0004566320087952,-0.011065514799676,0.0097593866861366
intfloat/multilingual-e5-large,de,affine,NQM,4,0.1179290258191327,0.0140117444616915,0.0058288022142773,-0.0006358646085806,-0.0120445435990818,0.0041083686903624
intfloat/multilingual-e5-large,de,affine,NQT,4,0.0420961901288695,0.0070549684252873,0.0015429544372135,-0.0010459536374541,-0.0060863249668517,0.0030421210483243
intfloat/multilingual-e5-large,de,affine,NMT,4,0.0555132669826723,0.0042882948444486,0.0028988684431986,0.0010458706469425,-0.0021611955781852,-0.0020546101052629
intfloat/multilingual-e5-large,de,affine,QMT,4,0.1272023376453315,0.0161132819102963,-0.0002683260923167,-3.723365356550663e-05,-0.0121160252396667,0.0106191525592048
intfloat/multilingual-e5-large,ru,linear,NQM,4,0.1111445920068016,0.0139290253626751,-0.0001969480125445,0.0014874891181077,-0.01138075579131,0.0078895331152405
intfloat/multilingual-e5-large,ru,linear,NQT,4,0.087487874282894,0.015612937958732,-0.0007280933819564,-0.0001352854110095,-0.0113584362243445,0.0106865025207236
intfloat/multilingual-e5-large,ru,linear,NMT,4,0.0920549518961561,0.0097564411362649,0.0047421411623884,0.0017034264506169,-0.0083036664262082,0.0009207079075274
intfloat/multilingual-e5-large,ru,linear,QMT,4,0.1506757717460774,0.0192848634595206,-0.0023552432083726,0.0033053619108113,-0.0140855553696308,0.0125311811354473
intfloat/multilingual-e5-large,ru,affine,NQM,4,0.1220363867519775,0.0153732611027216,0.0021251181142487,0.0003853552435545,-0.0131525686996011,0.0076604482813658
intfloat/multilingual-e5-large,ru,affine,NQT,4,0.0875256505988969,0.0151941064057755,0.002110823777775,-0.0023569914949986,-0.0114707986898732,0.0094483152444293
intfloat/multilingual-e5-large,ru,affine,NMT,4,0.1052795993964258,0.0103405754843491,0.0051900514253353,0.002942495137358,-0.008398147582235,-0.000896497129678
intfloat/multilingual-e5-large,ru,affine,QMT,4,0.1575366149279604,0.0212966848470282,-0.0016628811598261,0.0029569804294768,-0.0157914706555979,0.0138805379216735
intfloat/multilingual-e5-large,zh,linear,NQM,4,0.0921549632239933,0.0136168148773075,0.0053269470953225,0.0003245465735737,-0.0117899827928114,0.0042346496092698
intfloat/multilingual-e5-large,zh,linear,NQT,4,0.0803002617327313,0.0186242878083394,0.0032660310648513,-0.0015750289062557,-0.0148073483460724,0.0106985445904483
intfloat/multilingual-e5-large,zh,linear,NMT,4,0.0956304644651176,0.0111411526441926,0.0070166500183433,0.0001532279889416,-0.0085516254214626,0.0013183810510171
intfloat/multilingual-e5-large,zh,linear,QMT,4,0.145816068215064,0.0209005704748354,-0.001543645011977,0.0029667368822946,-0.0153456656648088,0.0137898522046357
intfloat/multilingual-e5-large,zh,affine,NQM,4,0.0983199478505312,0.0140354515860633,0.0061020539055021,-0.0005120317432245,-0.0120816662692082,0.0036783152410419
intfloat/multilingual-e5-large,zh,affine,NQT,4,0.0686076334740974,0.0156139965731028,0.0037681721998739,-0.0031889099998259,-0.0119473962627485,0.0087571880652888
intfloat/multilingual-e5-large,zh,affine,NMT,4,0.1089549633983394,0.0118403757230786,0.0085300347661963,0.0008267879988397,-0.0081427214413767,-0.0006674678151556
intfloat/multilingual-e5-large,zh,affine,QMT,4,0.1510826931217193,0.0217609680231891,-0.0012378863845082,0.0032106055794121,-0.0161071344322703,0.0142218001251434
intfloat/multilingual-e5-large,ar,linear,NQM,4,0.0825070820609348,0.0078087267287678,0.0007457661945341,0.0028549944997587,-0.0063299559916282,0.0034929513964641
intfloat/multilingual-e5-large,ar,linear,NQT,4,0.0647160068061415,0.0103461985144129,0.0018129412319237,0.0004699243602937,-0.0078292501644011,0.0064991600032664
intfloat/multilingual-e5-large,ar,linear,NMT,4,0.1314841816270283,0.0123224113942164,0.0086540177215401,0.0017520620599657,-0.0064196896823374,-0.0057155632062032
intfloat/multilingual-e5-large,ar,linear,QMT,4,0.1163599904034367,0.0117794975040224,-0.0008712054761426,0.0047750958938575,-0.0091780244578763,0.0055641610976585
intfloat/multilingual-e5-large,ar,affine,NQM,4,0.0779730255659867,0.0077579372833616,0.0006529757874289,0.0024509673816671,-0.0066046336052708,0.0031828897793882
intfloat/multilingual-e5-large,ar,affine,NQT,4,0.0542135586176353,0.0081754749657595,0.0026110320672622,-0.0013256247588691,-0.0059695653394194,0.0047568803975467
intfloat/multilingual-e5-large,ar,affine,NMT,4,0.1444315293478124,0.0140235723220566,0.0098350337725063,0.002544895424566,-0.0065005003609841,-0.0071553961246376
intfloat/multilingual-e5-large,ar,affine,QMT,4,0.1222292805651001,0.0125812187935171,-0.0006709152551586,0.0050707582993936,-0.0099788344134231,0.0057050164828295
sentence-transformers/LaBSE,en,linear,NQM,4,0.0532449083727586,0.0052176903612701,1.3823878879147891e-06,-0.002171650154368,-0.0025895694741803,0.0039752177727165
sentence-transformers/LaBSE,en,linear,NQT,4,0.0580927126988219,0.0065772465516708,-0.0017151164632267,-0.0014483665366785,-0.0018128485932941,0.0059105297624033
sentence-transformers/LaBSE,en,linear,NMT,4,0.0935770554581265,0.006153238936962,0.003329447461563,0.0026009826891403,0.0011585461827752,-0.0043208551016212
sentence-transformers/LaBSE,en,linear,QMT,4,0.0549267412386536,0.0056544433759769,0.0027920138522333,0.0030473374924989,-0.0012080450288325,-0.0036649351912673
sentence-transformers/LaBSE,en,affine,NQM,4,0.0342167464634253,0.0035087928725585,-0.0006478192587644,-0.0025365264530848,-0.0006182235118229,0.0022529515912955
sentence-transformers/LaBSE,en,affine,NQT,4,0.0609682576553195,0.0073198787460966,-0.0027199713454928,-0.0041573511709989,-0.0002859660858797,0.0053681500888085
sentence-transformers/LaBSE,en,affine,NMT,4,0.0731112709739835,0.0043311219765292,0.0033914639091759,0.0009343308767445,0.0002967646966735,-0.0025090927953946
sentence-transformers/LaBSE,en,affine,QMT,4,0.0427615913458931,0.0044732437546904,0.0033356959603389,0.0003530755981567,-0.0006020723329251,-0.0028975659918227
sentence-transformers/LaBSE,es,linear,NQM,4,0.0630718225115686,0.0042463548458041,-0.000915444201995,-0.0026699916111802,-0.0006252736502414,0.0031102522483005
sentence-transformers/LaBSE,es,linear,NQT,4,0.0326548555777197,0.0025859031643392,-1.1853924034091034e-05,-0.0017251942652361,0.0002789972251956,0.0019059433242764
sentence-transformers/LaBSE,es,linear,NMT,4,0.1508203612353013,0.0121661818346602,0.0002804918147907,0.0096850742972075,0.0013726204311244,-0.0072285927942776
sentence-transformers/LaBSE,es,linear,QMT,4,0.1133464650507267,0.0106546611952237,-0.0029464138528616,0.0094149343206607,0.0009742081974223,-0.003905173583644
sentence-transformers/LaBSE,es,affine,NQM,4,0.0454383767171155,0.0034880315575689,-0.0026786175664676,0.0001806675840393,0.0001339722752788,0.0022227871541696
sentence-transformers/LaBSE,es,affine,NQT,4,0.0328711295774342,0.0024842523680276,-0.0006032066088,-0.0015845777599461,0.0018144033060538,-6.859723621182668e-05
sentence-transformers/LaBSE,es,affine,NMT,4,0.1389472781027175,0.0106029509962462,0.0001640682927175,0.0083034583919512,0.0011307315420592,-0.0064938183172191
sentence-transformers/LaBSE,es,affine,QMT,4,0.0941429424182683,0.0088331932616833,-0.0024307736109407,0.0075197171980144,0.0013241250522018,-0.0037171479602806
sentence-transformers/LaBSE,fr,linear,NQM,4,0.0653326965931134,0.0048653488498773,-0.0009529972985707,0.0041439071438604,-0.0013345075268429,-0.0019520601486073
sentence-transformers/LaBSE,fr,linear,NQT,4,0.0376814085124908,0.0019355122555974,-0.0005410058654098,-0.0001119040454722,-0.0004355602243042,0.001803132030876
sentence-transformers/LaBSE,fr,linear,NMT,4,0.0901670700481831,0.0070705926019528,0.004578260414115,0.0020730919090822,-0.0016222663679857,-0.004701420327001
sentence-transformers/LaBSE,fr,linear,QMT,4,0.0955805606918147,0.0064670539965654,0.0055368392094734,-0.0018192427214274,-0.0015479517950466,-0.0023367499061035
sentence-transformers/LaBSE,fr,affine,NQM,4,0.060489431002212,0.0048504949280622,-0.0012186580482563,0.0043548997601438,-0.0010016828036615,-0.0014400184889527
sentence-transformers/LaBSE,fr,affine,NQT,4,0.033323055743724,0.0018874287086099,-0.0004898907216042,-0.0008177159569649,0.0002704181153381,0.0016064273614431
sentence-transformers/LaBSE,fr,affine,NMT,4,0.0949131772744299,0.0070805172033958,0.0049850333165753,0.0017050524293142,-0.0016284819900185,-0.004441172066211
sentence-transformers/LaBSE,fr,affine,QMT,4,0.0840197878659673,0.0056018111644275,0.0046618397049251,-0.0018483260791488,-0.0009150143515388,-0.002322493989035
sentence-transformers/LaBSE,de,linear,NQM,4,0.0308511809841409,0.0026466405000551,-0.0012167001359077,0.0007701527863702,-0.0022185920395093,9.518804381958203e-05
sentence-transformers/LaBSE,de,linear,NQT,4,0.0618279366536573,0.0076048631570428,0.0047415503951807,-0.0054640018962549,-0.0022872676921211,0.0005145223703687
sentence-transformers/LaBSE,de,linear,NMT,4,0.1137639629872893,0.0074019962205077,0.0045268597865605,0.0031503991632297,-0.0002850261002372,-0.0049285731967513
sentence-transformers/LaBSE,de,linear,QMT,4,0.0237362903156185,0.0023288092544358,0.0009997767848527,0.0014913202576403,-0.0012639238666113,-0.0007760536531564
sentence-transformers/LaBSE,de,affine,NQM,4,0.0418031494657772,0.0033341794986812,-0.0023556049722097,0.000777696481705,-0.0021998598049185,-0.0003516861745564
sentence-transformers/LaBSE,de,affine,NQT,4,0.0916596799344504,0.0110823742311893,0.0047146657588664,-0.0099804424356275,-0.0005348409806935,-0.0008340619262361
sentence-transformers/LaBSE,de,affine,NMT,4,0.0932336529684276,0.0062126734149894,0.0055010140586425,-1.0147859209693908e-05,-0.0005156080243098,-0.0028408098623727
sentence-transformers/LaBSE,de,affine,QMT,4,0.0241004403405589,0.0024223639601804,0.0011465387905618,1.0783917440545727e-05,-0.0017849566215603,0.0011692345887763
sentence-transformers/LaBSE,ru,linear,NQM,4,0.0405519872986581,0.0039302123689116,-0.001088606579769,-0.0009984445215783,-0.0033164020371866,0.0015053541258801
sentence-transformers/LaBSE,ru,linear,NQT,4,0.0513628558396356,0.0058228627038766,0.0010135764218037,-0.0042615678515287,-0.0033311184911355,0.0019029140680002
sentence-transformers/LaBSE,ru,linear,NMT,4,0.1283081097947853,0.0105609244655722,0.0044530461287933,0.0046831511029714,0.0024595484148602,-0.0079826200638673
sentence-transformers/LaBSE,ru,linear,QMT,4,0.0607801984557219,0.0080897226628923,0.0008712017150435,0.0062433550501496,-0.0017095663283913,-0.0047731039189211
sentence-transformers/LaBSE,ru,affine,NQM,4,0.0460646343653192,0.0047491675158261,-0.0043412307082119,0.0015929861323416,-0.0010619851935307,-0.0002071006092322
sentence-transformers/LaBSE,ru,affine,NQT,4,0.0736991200022333,0.0070899187458668,-0.0024167568311596,-0.0065064746374997,5.874618103807617e-05,0.0014451888872473
sentence-transformers/LaBSE,ru,affine,NMT,4,0.1010877867295717,0.0076780564494657,0.005102005085374,0.0007652394595567,0.0019182311135599,-0.0053532133260788
sentence-transformers/LaBSE,ru,affine,QMT,4,0.0459865854715627,0.0058589357967937,0.0013135439245001,0.0042797082580669,-0.001376343801704,-0.0035201570980148
sentence-transformers/LaBSE,zh,linear,NQM,4,0.0464489045360617,0.0043455593527263,-0.0014290477612167,0.000959104179983,-0.0038652500944847,0.0009907923411361
sentence-transformers/LaBSE,zh,linear,NQT,4,0.0696407207175941,0.0096217151354415,-0.0008838509774403,-0.0055254561904173,-0.0009357558558691,0.0077710941612651
sentence-transformers/LaBSE,zh,linear,NMT,4,0.1136319407321274,0.009448002571034,0.0063839463662382,0.0021478216001793,0.0005422050911901,-0.0066032459736216
sentence-transformers/LaBSE,zh,linear,QMT,4,0.0813713855766514,0.0083253898800222,0.0046811105585436,0.0029082206289365,-0.002728709126922,-0.0056121047626669
sentence-transformers/LaBSE,zh,affine,NQM,4,0.0468985977051311,0.0046157164810895,-0.0041756565810058,0.0016600798082302,-0.000866686959521,0.0006014312062131
sentence-transformers/LaBSE,zh,affine,NQT,4,0.0883895319230767,0.0120454753307858,-0.0040712064031826,-0.007984558616026,0.0015724245081925,0.0078925952158041
sentence-transformers/LaBSE,zh,affine,NMT,4,0.1027610012345631,0.0083360267274664,0.0068179886109806,-0.0010457698249393,0.0003257257011898,-0.004669543997266
sentence-transformers/LaBSE,zh,affine,QMT,4,0.070733310792388,0.0067277417555731,0.0045392155941514,0.0003482098163495,-0.0016154521311542,-0.0046826376386862
sentence-transformers/LaBSE,ar,linear,NQM,4,0.0283521156650144,0.0034242324895592,0.0015500051637668,-0.0025075512521602,-0.0014735808657815,0.0009292998895088
sentence-transformers/LaBSE,ar,linear,NQT,4,0.047628954971855,0.0061606398180082,0.00282222827997,-0.0045318060829105,-0.0024016187973622,0.0019192371614828
sentence-transformers/LaBSE,ar,linear,NMT,4,0.1318707626924602,0.0089429509385932,0.0018801570193137,0.006125328379562,0.0022501592521864,-0.0058188071505371
sentence-transformers/LaBSE,ar,linear,QMT,4,0.0479571449851195,0.0053428841087243,0.0015650332303091,0.0035906076794114,0.0006732093717688,-0.0035709112592729
sentence-transformers/LaBSE,ar,affine,NQM,4,0.0116525748951283,0.0008696198317696,-2.9613498838522087e-05,-0.0005582103241883,0.0001281674653454,-0.0006537094364394
sentence-transformers/LaBSE,ar,affine,NQT,4,0.0617329399242906,0.0063760396462617,0.000709736310368,-0.0062493283536784,-0.0008215300220188,0.0006489526109663
sentence-transformers/LaBSE,ar,affine,NMT,4,0.0959074164311073,0.0053998615478566,0.0026989030085103,0.002645172989438,0.0015201436828852,-0.0035449471541909
sentence-transformers/LaBSE,ar,affine,QMT,4,0.0354579578165914,0.0034248590835459,0.0019380647956547,0.0014617417094467,0.0007714680921327,-0.0022894787065347
sentence-transformers/paraphrase-multilingual-mpnet-base-v2,en,linear,NQM,4,0.1172978647014049,0.0390276395605194,-0.012652146535922,0.0274592416785766,0.0088012826138765,-0.0230566109497378
sentence-transformers/paraphrase-multilingual-mpnet-base-v2,en,linear,NQT,4,0.1356120663388281,0.0505778696710069,-0.0162354734213087,0.0354531925671215,0.0115421473736871,-0.0300729159551585
sentence-transformers/paraphrase-multilingual-mpnet-base-v2,en,linear,NMT,4,0.0540205790819824,0.0141356953260204,-0.0077779922041159,0.0040310342732541,0.0095381563986659,-0.0056652497584153
sentence-transformers/paraphrase-multilingual-mpnet-base-v2,en,linear,QMT,4,0.0503337977942496,0.0116989092630165,0.0016873686643255,0.0027831805540941,0.0051614486536537,-0.0099815138498103
sentence-transformers/paraphrase-multilingual-mpnet-base-v2,en,affine,NQM,4,0.065823530973761,0.0310628899572391,0.0039892877007841,0.0112641535931326,0.0112415706747016,-0.0263767823801904
sentence-transformers/paraphrase-multilingual-mpnet-base-v2,en,affine,NQT,4,0.0461235036868849,0.0241311687573404,-0.0017760484070745,0.0142754055273189,0.0060254038160689,-0.0184137520221944
sentence-transformers/paraphrase-multilingual-mpnet-base-v2,en,affine,NMT,4,0.0532506868608615,0.0206075751137756,-0.0041082796313842,0.0017490522191569,-0.0131564773609308,0.0152197933733094
sentence-transformers/paraphrase-multilingual-mpnet-base-v2,en,affine,QMT,4,0.0506883880284406,0.0107210044508515,-0.000579619001612,0.0020890627699686,-0.0082595904978111,0.0064822033136694
sentence-transformers/paraphrase-multilingual-mpnet-base-v2,es,linear,NQM,4,0.1346082924574422,0.0454380723236585,-0.0170111066213731,0.0334255601443344,0.0084629352702787,-0.0242146923097289
sentence-transformers/paraphrase-multilingual-mpnet-base-v2,es,linear,NQT,4,0.1572882440940567,0.0613952803084965,-0.0177234943266682,0.0365691700896756,0.0221075764696516,-0.0403634618758388
sentence-transformers/paraphrase-multilingual-mpnet-base-v2,es,linear,NMT,4,0.0902521893661879,0.0373496023571731,-0.0018553318059225,0.0057861906303059,0.0237544767992534,-0.0281743743517469
sentence-transformers/paraphrase-multilingual-mpnet-base-v2,es,linear,QMT,4,0.0637659109248572,0.0204025133304601,0.0036573516241892,-0.0064026396951353,0.0144146920643854,-0.0124140721328605
sentence-transformers/paraphrase-multilingual-mpnet-base-v2,es,affine,NQM,4,0.1118319471764483,0.0562915908458171,0.0047527091991935,0.0242942925182123,0.0180153299078901,-0.0472375930226148
sentence-transformers/paraphrase-multilingual-mpnet-base-v2,es,affine,NQT,4,0.1314899134632276,0.0678779251647964,0.0006638703967631,0.0373389652105333,0.0160204217424664,-0.0543702102715641
sentence-transformers/paraphrase-multilingual-mpnet-base-v2,es,affine,NMT,4,0.0394217755621797,0.01515420146506,-0.0039090788366929,0.0087101043555521,-0.0105383367623837,0.0052389374008602
sentence-transformers/paraphrase-multilingual-mpnet-base-v2,es,affine,QMT,4,0.0477147939585708,0.0177581193867228,-0.001165002880065,0.0011964440473807,-0.0127751380214737,0.0122212087215759
sentence-transformers/paraphrase-multilingual-mpnet-base-v2,fr,linear,NQM,4,0.1126794344459019,0.0378095268717784,-0.0077507367157544,0.0294436474605823,0.0010825149654016,-0.0223916544318952
sentence-transformers/paraphrase-multilingual-mpnet-base-v2,fr,linear,NQT,4,0.1406916577527271,0.0564445549120363,-0.0098988826439296,0.0444298061928125,-0.0004762376410541,-0.0333731242319018
sentence-transformers/paraphrase-multilingual-mpnet-base-v2,fr,linear,NMT,4,0.0488395919828635,0.0143597528578892,-0.0068338408320269,0.0074771518562311,0.0069932250592084,-0.0073951419872979
sentence-transformers/paraphrase-multilingual-mpnet-base-v2,fr,linear,QMT,4,0.0828529396688261,0.0216662281137231,0.0035175366918641,-0.0035378828072526,0.0146786519665539,-0.0151351556973889
sentence-transformers/paraphrase-multilingual-mpnet-base-v2,fr,affine,NQM,4,0.1045433960896723,0.0444450660383209,0.0063888086747618,0.021473273102213,0.0094616498342509,-0.0372011121279967
sentence-transformers/paraphrase-multilingual-mpnet-base-v2,fr,affine,NQT,4,0.126155666268646,0.0579996020846769,0.0021932899626211,0.0401625410554922,-0.0004482768539829,-0.0417841197699414
sentence-transformers/paraphrase-multilingual-mpnet-base-v2,fr,affine,NMT,4,0.0536183958602199,0.0195516971385437,-0.0046607237299838,0.0087499641687121,-0.0139059738038167,0.0095188515548842
sentence-transformers/paraphrase-multilingual-mpnet-base-v2,fr,affine,QMT,4,0.0463492271381823,0.0124122533036281,-0.0008997983417131,0.0015756239965549,-0.009222157414446,0.008107010340584
sentence-transformers/paraphrase-multilingual-mpnet-base-v2,de,linear,NQM,4,0.1119539821617982,0.0385557964550316,-0.0132710540762462,0.0333370646515092,-0.0077138231634917,-0.0118137892570779
sentence-transformers/paraphrase-multilingual-mpnet-base-v2,de,linear,NQT,4,0.1313290256271916,0.0502197929826706,-0.0158810667687583,0.0407732913407609,0.0005783048801746,-0.0246378489770419
sentence-transformers/paraphrase-multilingual-mpnet-base-v2,de,linear,NMT,4,0.0504792363696014,0.0198548195797815,-0.0041799855604997,0.0068967874635114,0.01138995332965,-0.0141224950731532
sentence-transformers/paraphrase-multilingual-mpnet-base-v2,de,linear,QMT,4,0.0164319767523312,0.0015616622657072,-0.0002788536650258,-0.0010863665489112,-0.0003495570612822,0.0010289058498958
sentence-transformers/paraphrase-multilingual-mpnet-base-v2,de,affine,NQM,4,0.0547113715045854,0.0244427338299149,0.0022070282148005,0.0153454819454708,0.0015482068870273,-0.0188333614321855
sentence-transformers/paraphrase-multilingual-mpnet-base-v2,de,affine,NQT,4,0.0819217459597551,0.0387023853220451,-0.0013359461673087,0.0300330657182741,-0.0043886688977491,-0.0239759134616777
sentence-transformers/paraphrase-multilingual-mpnet-base-v2,de,affine,NMT,4,0.0491806958824445,0.0214207314423395,-0.0039930503799301,0.0078588718928375,-0.0157495902848995,0.011536542923161
sentence-transformers/paraphrase-multilingual-mpnet-base-v2,de,affine,QMT,4,0.0815058134032796,0.0233107763584181,-0.0020099948943584,0.0007246056323759,-0.0160033198245233,0.0168143068911086
sentence-transformers/paraphrase-multilingual-mpnet-base-v2,ru,linear,NQM,4,0.1104446366855464,0.0370703984567214,-0.0104228418153002,0.0298566962086939,0.0004130753809046,-0.0193387142919267
sentence-transformers/paraphrase-multilingual-mpnet-base-v2,ru,linear,NQT,4,0.1423385506080238,0.0601558107385886,-0.0153915615435024,0.0491305153880341,-0.0017590899985103,-0.0310631527529443
sentence-transformers/paraphrase-multilingual-mpnet-base-v2,ru,linear,NMT,4,0.0527466863487394,0.0164140051784165,-0.0080910519479719,0.0106666883187705,0.0054220342278449,-0.0077960085630139
sentence-transformers/paraphrase-multilingual-mpnet-base-v2,ru,linear,QMT,4,0.0648728213238959,0.0182445238449605,0.0014794894704648,-0.0054761473652822,0.0138850376066704,-0.0103870737905907
sentence-transformers/paraphrase-multilingual-mpnet-base-v2,ru,affine,NQM,4,0.1066578491777732,0.0457338266664398,0.0030215245502961,0.0245372974303084,0.0097537549229685,-0.0372187935143948
sentence-transformers/paraphrase-multilingual-mpnet-base-v2,ru,affine,NQT,4,0.141560848822862,0.0637428761192864,0.0020730627989696,0.0443317236321151,-0.0005646515476004,-0.0457518973926304
sentence-transformers/paraphrase-multilingual-mpnet-base-v2,ru,affine,NMT,4,0.0586589671312829,0.0217116558109566,-0.0034521036466065,0.0101062345200528,-0.0163722854975293,0.0094494057950546
sentence-transformers/paraphrase-multilingual-mpnet-base-v2,ru,affine,QMT,4,0.0679439751152063,0.0204679316322873,-0.0024397759590167,0.0002389445431589,-0.0134531831952703,0.0152295267816692
sentence-transformers/paraphrase-multilingual-mpnet-base-v2,zh,linear,NQM,4,0.0939118034841175,0.0281510651516574,-0.0064068355660422,0.0243368511594638,-0.0079569033952594,-0.0097898054732036
sentence-transformers/paraphrase-multilingual-mpnet-base-v2,zh,linear,NQT,4,0.1186130808194825,0.0457154979827885,-0.0101378071695061,0.0388354832668874,-0.0076396719222371,-0.0205078588340211
sentence-transformers/paraphrase-multilingual-mpnet-base-v2,zh,linear,NMT,4,0.0439926826687388,0.0141231950264511,-0.0051877430636564,0.0058034921291294,0.0081550308398437,-0.0085068743242738
sentence-transformers/paraphrase-multilingual-mpnet-base-v2,zh,linear,QMT,4,0.0455505868080584,0.010776389826882,0.0012931419670751,-0.0059400176121291,0.0080720657110309,-0.0037438359310083
sentence-transformers/paraphrase-multilingual-mpnet-base-v2,zh,affine,NQM,4,0.0749836072558555,0.0287234877151454,0.0066773831721792,0.0154451590541404,0.0011199687704404,-0.0232517533153857
sentence-transformers/paraphrase-multilingual-mpnet-base-v2,zh,affine,NQT,4,0.1181727993541517,0.0527741627825955,0.0051524434586232,0.0373373878114426,-0.0061241297656921,-0.03642772419244
sentence-transformers/paraphrase-multilingual-mpnet-base-v2,zh,affine,NMT,4,0.0414278053710453,0.0152362050358049,-0.0035665691418608,0.0069357958139627,-0.0108713794481726,0.0072889899005472
sentence-transformers/paraphrase-multilingual-mpnet-base-v2,zh,affine,QMT,4,0.0697084420015207,0.0201964139036527,-0.0012305102073403,-0.003323593752916,-0.0117830528098113,0.0160154416187647
sentence-transformers/paraphrase-multilingual-mpnet-base-v2,ar,linear,NQM,4,0.0786836849797739,0.0308351138218662,-0.0003193541148446,0.018109305782421,0.0066533185338976,-0.024051791075137
sentence-transformers/paraphrase-multilingual-mpnet-base-v2,ar,linear,NQT,4,0.1159805411739759,0.0520730197932382,-0.00418112229286,0.0361181004295909,0.005650236929416,-0.0368466450407439
sentence-transformers/paraphrase-multilingual-mpnet-base-v2,ar,linear,NMT,4,0.0335070171687182,0.0088475551721578,-0.0052877563695488,0.0069782299978955,-0.0006413154125158,-0.0011008568203054
sentence-transformers/paraphrase-multilingual-mpnet-base-v2,ar,linear,QMT,4,0.0270868707009255,0.0053259555208705,0.000974728040772,-0.0039933618603524,0.0033015035373969,-0.000754216747137
sentence-transformers/paraphrase-multilingual-mpnet-base-v2,ar,affine,NQM,4,0.089525568806689,0.0375300284941814,0.0073083578391472,0.012311520811044,0.01280533396495,-0.0322419109519639
sentence-transformers/paraphrase-multilingual-mpnet-base-v2,ar,affine,NQT,4,0.1129574341760353,0.049870867593676,0.0034033344673263,0.0336215546928451,-0.0001581131048588,-0.0366754251417972
sentence-transformers/paraphrase-multilingual-mpnet-base-v2,ar,affine,NMT,4,0.0702274020266538,0.0257574783542903,-0.0041267934515243,0.0082334536280183,-0.0190801369497128,0.0146484088663467
sentence-transformers/paraphrase-multilingual-mpnet-base-v2,ar,affine,QMT,4,0.0704349111869149,0.0181292401594197,-0.0019196761678514,0.0014745361631896,-0.0126611887708151,0.0127477148611713
xlm-roberta-base,en,linear,NQM,4,0.1208729637524495,0.0232742106538441,-0.0191410803235361,0.0121649491089098,0.0025717651823883,0.0045506002496086
xlm-roberta-base,en,linear,NQT,4,0.1822040628338253,0.0332252509452361,-0.0267800727528405,0.0181289982489591,0.0012640346229144,0.0075157596214749
xlm-roberta-base,en,linear,NMT,4,0.0238268388543018,0.0053753788167818,-0.0017821683251228,0.0013976290434166,0.0036569164001275,-0.0032236887232349
xlm-roberta-base,en,linear,QMT,4,0.0461637913588159,0.0083124646333342,0.0021826568056993,-0.0049714081326244,0.0056574079404074,-0.0027589697576556
xlm-roberta-base,en,affine,NQM,4,0.0188281835885384,0.0057634619085696,0.0040263790921182,0.0011605110838422,-0.0036870776774691,-0.0014368148115449
xlm-roberta-base,en,affine,NQT,4,0.011851944593742,0.0049080199740592,0.0035366076489662,0.000452929416751,-0.000618161410443,-0.0033156896442699
xlm-roberta-base,en,affine,NMT,4,0.013220558729131,0.0024570787481509,-0.000494842872778,-0.0001359539420757,0.0019955648543484,-0.0013385081036732
xlm-roberta-base,en,affine,QMT,4,0.0057846102329242,0.0012363697442427,-0.0001782245366669,0.0006331966275135,-0.0009191623170372,0.0005010477271208
xlm-roberta-base,es,linear,NQM,4,0.0974157579499669,0.0256778642136822,-0.0216415946776038,0.0111757697732643,0.0029787264905806,0.0075646182227469
xlm-roberta-base,es,linear,NQT,4,0.1694346152806072,0.0419274751090524,-0.0340580607053637,0.0210697856544914,0.0006415761269479,0.0123941188697334
xlm-roberta-base,es,linear,NMT,4,0.0171133307587527,0.0043337244884981,-0.0034054594865948,0.0010782290612874,0.0024530315692573,-6.381096293923277e-05
xlm-roberta-base,es,linear,QMT,4,0.0524860210564192,0.0109611002103275,0.0042543497295431,-0.0079521971448593,0.0058793270469167,-0.0020596845011463
xlm-roberta-base,es,affine,NQM,4,0.0209563899080928,0.0058791249268233,0.0031291798412768,0.0017510370768625,-0.0046551710616097,-0.0001886662893732
xlm-roberta-base,es,affine,NQT,4,0.0214967664365117,0.0072471136215142,0.002030927234538,0.0043072663681111,-0.000887776586536,-0.0053902967986638
xlm-roberta-base,es,affine,NMT,4,0.0113896633121032,0.0023291564131682,-0.0013074007130357,0.0004957659040704,0.0016708180276029,-0.0008235631484923
xlm-roberta-base,es,affine,QMT,4,0.0151506086410412,0.0053169788829269,-0.0003225037352668,-0.0018324575574493,-0.0022638651990971,0.0044365830819104
xlm-roberta-base,fr,linear,NQM,4,0.0443218265872044,0.0082987756427333,-0.0067800755941878,0.0044346254646641,0.0007441364241148,0.0016372568753805
xlm-roberta-base,fr,linear,NQT,4,0.1376042309825605,0.0251846346261332,-0.0190060743535864,0.0151679601677669,-0.0022148764630934,0.0061694623363827
xlm-roberta-base,fr,linear,NMT,4,0.0339533628529539,0.0054113102215825,-0.0032224208830767,0.0041903998689435,0.00025218229093,-0.0011292630326963
xlm-roberta-base,fr,linear,QMT,4,0.0658898719555846,0.0122526170691483,0.0076127423469432,-0.0078140554670903,0.0040442618819414,-0.0038415181881326
xlm-roberta-base,fr,affine,NQM,4,0.027732146177258,0.00736577915944,0.0046246099912651,0.0007819416033249,-0.0056711354245136,0.0003073684761778
xlm-roberta-base,fr,affine,NQT,4,0.0164382463849355,0.0065693380783705,0.0036029548128889,0.0022442488160524,-0.0008968418285507,-0.0049329444949663
xlm-roberta-base,fr,affine,NMT,4,0.0128578958019865,0.0026056166390008,-0.0010298420962555,0.0013786041271464,0.0012249380444047,-0.001525660766423
xlm-roberta-base,fr,affine,QMT,4,0.0192540802688883,0.0051034204688265,-0.0002895148550833,0.0003340655562235,-0.0035759337809152,0.0036141637247056
xlm-roberta-base,de,linear,NQM,4,0.0244291885945872,0.0104845756596023,-0.0087241913699267,0.0010705849968181,0.0025903733369713,0.0050949607891049
xlm-roberta-base,de,linear,NQT,4,0.0653469465004926,0.0234674507344942,-0.0190192878300195,0.0080186173909553,-9.641428269609696e-05,0.0111660384128993
xlm-roberta-base,de,linear,NMT,4,0.0158877245776409,0.0042207267575591,-0.0035728075585232,0.0014099590144697,0.0016419077121167,0.0006047604105277
xlm-roberta-base,de,linear,QMT,4,0.0389337265532425,0.0099720001178684,0.0055104045478712,-0.0056616312673541,0.0043973314959848,-0.0042054292499704
xlm-roberta-base,de,affine,NQM,4,0.0245809544443175,0.0082992435712852,0.0060351946007154,3.736090257497327e-05,-0.0056870272893789,-0.0003319559606831
xlm-roberta-base,de,affine,NQT,4,0.0084472569397683,0.0034238892156361,0.0029038631003432,-0.0003520710001163,-0.0013378527382736,-0.0011733680228234
xlm-roberta-base,de,affine,NMT,4,0.0128585310766825,0.0027547950238124,-0.0018556597228265,-2.7270490345062542e-05,0.0020331642457635,-0.0001045087862622
xlm-roberta-base,de,affine,QMT,4,0.00984612345253,0.0026457072330153,0.00112758955453,0.0003950133962045,-0.0022308830532378,0.0007716435569221
xlm-roberta-base,ru,linear,NQM,4,0.0508688708791716,0.0143630552443203,-0.0123650465695101,0.0041985017943858,0.0033517820546198,0.0049538993758562
xlm-roberta-base,ru,linear,NQT,4,0.140152567635662,0.0367474415486033,-0.0300910588111113,0.0171880416278775,0.0007904373133717,0.0122003718732763
xlm-roberta-base,ru,linear,NMT,4,0.0295054262586355,0.0074000639215264,-0.0059962243877979,0.0021860522522367,0.0037424115132148,0.0001475491446978
xlm-roberta-base,ru,linear,QMT,4,0.0738705885037354,0.0146686687498386,0.0069368044489741,-0.0104509507403119,0.0068964291235553,-0.0032042910130848
xlm-roberta-base,ru,affine,NQM,4,0.0200843508533839,0.0066913496045256,0.0052335725627587,-0.0026848090060574,-0.0031310290094553,0.0006101931688129
xlm-roberta-base,ru,affine,NQT,4,0.0081195474152111,0.0032435639714849,0.0017376615930735,-0.0005693430529759,0.0012293038757108,-0.0023803150829801
xlm-roberta-base,ru,affine,NMT,4,0.0152416601839699,0.0044835956544092,-0.0036319651128382,-1.8579805280471984e-05,0.0016913673090493,0.0020125582794238
xlm-roberta-base,ru,affine,QMT,4,0.0185634552867601,0.0060535173880593,-0.0003087865306698,-0.0022578291494946,-0.0024215298221128,0.0050584705690874
xlm-roberta-base,zh,linear,NQM,4,0.0514109161065923,0.0107371679869884,-0.0089333357134683,0.0053423110986256,0.0013453766919505,0.0022653836526153
xlm-roberta-base,zh,linear,NQT,4,0.1367176007964973,0.0280274792984253,-0.0224386408556545,0.0156657744153641,0.0008640132600002,0.0059903243174369
xlm-roberta-base,zh,linear,NMT,4,0.0324609098797471,0.0080492674348946,-0.0068622520525725,0.0028223096501032,0.0028259298562768,0.0013224566880454
xlm-roberta-base,zh,linear,QMT,4,0.0532855163238529,0.0085746074357339,0.0035172434603754,-0.0069410646657683,0.0035999891567953,-0.0001207911170866
xlm-roberta-base,zh,affine,NQM,4,0.0296483005854929,0.0097271852369589,0.0077310511503719,-0.0022982241842662,-0.0054375616904045,8.319035022578275e-06
xlm-roberta-base,zh,affine,NQT,4,0.0159482742088899,0.0070585974146624,0.005672749276952,-0.0009532942859591,-0.0006521600327965,-0.0040385183420531
xlm-roberta-base,zh,affine,NMT,4,0.0178161389110261,0.0043953260903005,-0.0033618146685299,-0.0004557588991452,0.0023395806805503,0.0015283126772944
xlm-roberta-base,zh,affine,QMT,4,0.0182818685610635,0.0064610592758755,-0.0011512041774832,-0.0021075724528919,-0.0022632787514055,0.0055547928455856
xlm-roberta-base,ar,linear,NQM,4,0.024874441621549,0.011074617592368,-0.009325045195949,0.0026435125569453,0.001572803109961,0.0051214078776508
xlm-roberta-base,ar,linear,NQT,4,0.0633339269954486,0.0224418358501719,-0.0186046164151247,0.0104656214275956,0.0014874047916654,0.0067648089028525
xlm-roberta-base,ar,linear,NMT,4,0.0291404242877225,0.0083993960905383,-0.0070580012155153,0.0027397254498119,0.0035219516962798,0.0009078734692999
xlm-roberta-base,ar,linear,QMT,4,0.0256664904536214,0.0062116961929918,0.0009884622638771,-0.0049768487487719,0.0035558935384459,0.0004412591324895
xlm-roberta-base,ar,affine,NQM,4,0.0351670835858775,0.0143060477186109,0.0110504972837622,0.0004494514325069,-0.0086517729846373,-0.0027375771661915
xlm-roberta-base,ar,affine,NQT,4,0.0194539244245113,0.0097416758673091,0.00644143740055,0.0014992489864378,-0.0007907547032887,-0.0071088038652364
xlm-roberta-base,ar,affine,NMT,4,0.0225016378717639,0.0055232779010277,-0.003712878807142,-5.14276110110826e-05,0.0040790321792319,-0.0002828098602831
xlm-roberta-base,ar,affine,QMT,4,0.0154191630670643,0.0053986807196787,0.0007438182424152,-0.0010585324350113,-0.0034862567235821,0.0039138230768122
