model,classifier,concat,delta,x_only,y_only
bert-base-uncased,linear_svc,1.0,1.0,0.16666666666666666,1.0
bert-base-uncased,logreg,0.9904166666666666,0.9909722222222223,0.16666666666666666,0.9861111111111112
distilgpt2,linear_svc,1.0,1.0,0.16666666666666666,1.0
distilgpt2,logreg,0.9976388888888889,1.0,0.16666666666666666,0.9956944444444444
distilroberta-base,linear_svc,1.0,1.0,0.16666666666666666,1.0
distilroberta-base,logreg,1.0,1.0,0.16666666666666666,1.0
gpt2,linear_svc,1.0,1.0,0.16666666666666666,1.0
gpt2,logreg,0.9979166666666667,0.9923611111111111,0.16666666666666666,0.9876388888888888
roberta-base,linear_svc,1.0,1.0,0.16666666666666666,1.0
roberta-base,logreg,1.0,1.0,0.16666666666666666,1.0
