model,heldout_language,method,pair,basis_rank,matrix_commutator_norm,closure_residual_ratio,random_subspace_null_mean,random_subspace_null_std,empirical_p_below_random_subspace,coef_N,coef_Q,coef_M,coef_T
sentence-transformers/LaBSE,en,linear,NQ_minus_QN,4,5.46152681250394,0.9926097559807433,0.9998748377215213,8.688630826431394e-05,0.000999000999000999,-0.08393422280077628,0.08891863823640511,0.024836528639184337,-0.020449488008550985
sentence-transformers/LaBSE,en,linear,NM_minus_MN,4,5.168272227490144,0.9991323429296364,0.9998743409665894,8.860212676151526e-05,0.000999000999000999,-0.003408609290008269,-0.006223842404341684,-0.03003113821242547,0.024909755391085805
sentence-transformers/LaBSE,en,linear,NT_minus_TN,4,5.22339658427121,0.9957584806299957,0.9998754304743559,8.948129480410453e-05,0.000999000999000999,-0.0683780667645931,-0.015964874834495907,0.011827467690762048,0.05495110705646314
sentence-transformers/LaBSE,en,linear,QM_minus_MQ,4,5.0399950607586605,0.9921871714893021,0.9998789569468073,8.561615634731783e-05,0.000999000999000999,0.028402578032187913,-0.09400448462574379,-0.01829840470435258,0.06431972333357405
sentence-transformers/LaBSE,en,linear,QT_minus_TQ,4,5.646572300296244,0.9937454179923462,0.9998796037067562,8.669636827818164e-05,0.000999000999000999,0.04555033262037182,-0.09952808247223915,-0.005546960189833697,0.03352808848402249
sentence-transformers/LaBSE,en,linear,MT_minus_TM,4,4.439003628917387,0.9953774952549774,0.9998811952647045,8.596383094212644e-05,0.000999000999000999,0.03649742459209747,0.004370550806941827,0.00856018436141668,-0.0702664204484667
sentence-transformers/LaBSE,en,affine,NQ_minus_QN,4,5.530981828168917,0.9879458726756802,0.9998789173374409,8.517902951603207e-05,0.000999000999000999,-0.09125271808844213,0.1307276884187018,0.016860537266337006,-0.029214563745239543
sentence-transformers/LaBSE,en,affine,NM_minus_MN,4,5.233189149793509,0.9991565140236603,0.999878425954782,8.17112466642086e-05,0.000999000999000999,-0.014976670940143391,-0.010022233108142774,-0.01981237916698909,0.02976239524584829
sentence-transformers/LaBSE,en,affine,NT_minus_TN,4,5.248589788347281,0.9959492227409005,0.9998775656029398,8.656741861015439e-05,0.000999000999000999,-0.07171592724059034,-0.009047203510094179,0.0156601728810662,0.049657251390760306
sentence-transformers/LaBSE,en,affine,QM_minus_MQ,4,5.0434669847696165,0.9911978550182899,0.9998789719813985,8.504420086198305e-05,0.000999000999000999,0.028741953750456187,-0.10276853940363849,-0.018082635812302256,0.06842366841762217
sentence-transformers/LaBSE,en,affine,QT_minus_TQ,4,5.560481060445321,0.994517408992633,0.9998725818594668,8.668448487325845e-05,0.000999000999000999,0.046012003014514906,-0.09394994403186219,-0.002656401075999568,0.029323934573454603
sentence-transformers/LaBSE,en,affine,MT_minus_TM,4,4.440397108007843,0.9967652470068349,0.9998766689325778,8.784475826681012e-05,0.000999000999000999,0.028469755468032584,-0.000463635952031808,0.011622020801099479,-0.05816945945009833
sentence-transformers/LaBSE,es,linear,NQ_minus_QN,4,5.051586629754392,0.9988979525214022,0.9998772189456074,8.817484279156447e-05,0.000999000999000999,-0.022830958587131314,0.029556612220090497,0.0031351576275981895,-0.0236864184910218
sentence-transformers/LaBSE,es,linear,NM_minus_MN,4,4.586387042308185,0.9950215296673119,0.9998800594473766,8.69707373832639e-05,0.000999000999000999,0.06715000534975525,0.0005837196331897193,-0.05044915304017399,-0.015291602666545832
sentence-transformers/LaBSE,es,linear,NT_minus_TN,4,4.964283764187671,0.9975665993760656,0.9998731646467711,8.631124619895876e-05,0.000999000999000999,-0.0060906563687345835,-0.051435361029170415,0.001391491223303595,0.02243887985786297
sentence-transformers/LaBSE,es,linear,QM_minus_MQ,4,4.642886399989274,0.9970252280752562,0.9998788661093508,8.477557664914555e-05,0.000999000999000999,0.04536639889979219,-0.03190357822238282,-0.034357973903041066,0.023685481771352778
sentence-transformers/LaBSE,es,linear,QT_minus_TQ,4,5.167240332451104,0.9922011746932641,0.9998777680657484,8.543857363788088e-05,0.000999000999000999,0.03167969661120912,-0.10862080209079071,-0.005419866013825426,0.05498459407601958
sentence-transformers/LaBSE,es,linear,MT_minus_TM,4,4.580988140555276,0.9944147265852397,0.9998733637260553,8.718403856948773e-05,0.000999000999000999,0.026370604411934062,0.006724237619761892,0.023203109465518765,-0.08028607648128953
sentence-transformers/LaBSE,es,affine,NQ_minus_QN,4,4.9209922058754385,0.9969223137963746,0.9998778233804569,8.641611356660185e-05,0.000999000999000999,-0.02618836698039154,0.06680554583827768,-0.004908503620033625,-0.03286785578771782
sentence-transformers/LaBSE,es,affine,NM_minus_MN,4,4.682427529770376,0.9959087783617429,0.9998722905503694,9.007904585411394e-05,0.000999000999000999,0.064215224783642,-0.0030009369865667754,-0.045684976853499606,-0.011663364116804265
sentence-transformers/LaBSE,es,affine,NT_minus_TN,4,4.936636783699127,0.9980683398828308,0.9998752162751718,8.864211302601927e-05,0.000999000999000999,-0.0005692836673843432,-0.04961773919339842,8.317363225979011e-05,0.0249730419647779
sentence-transformers/LaBSE,es,affine,QM_minus_MQ,4,4.640352543537628,0.9971654943471273,0.9998751886014531,8.422151313950846e-05,0.000999000999000999,0.04041653355400745,-0.03115962164639557,-0.037288514965719215,0.026411066861794064
sentence-transformers/LaBSE,es,affine,QT_minus_TQ,4,5.098961010769474,0.9922777930212849,0.9998744173155455,8.922953296808218e-05,0.000999000999000999,0.032209094482702254,-0.10809575518495938,-0.008260671865971745,0.060385140754063885
sentence-transformers/LaBSE,es,affine,MT_minus_TM,4,4.500496607935293,0.9951514133149872,0.9998776449073004,8.583214966591302e-05,0.000999000999000999,0.01847203309403284,0.004490633103626785,0.027515045459876375,-0.07221372159545465
sentence-transformers/LaBSE,fr,linear,NQ_minus_QN,4,4.611692452393746,0.9959069970327598,0.9998759301556904,8.712633745905046e-05,0.000999000999000999,-0.04760444610671447,0.07078484544180869,-0.0025434940332662343,-0.01488718138951133
sentence-transformers/LaBSE,fr,linear,NM_minus_MN,4,4.753303925246634,0.9936359229101193,0.9998763697790118,8.53258869417316e-05,0.000999000999000999,0.08927900335511116,-0.020920236589076817,-0.05593319795315576,-0.022160791128185857
sentence-transformers/LaBSE,fr,linear,NT_minus_TN,4,4.530944217200512,0.9995397417624124,0.9998790158030358,8.26506008319885e-05,0.003996003996003996,0.002329752581097613,-0.005377578816333113,0.011483605496557464,-0.018511293387744526
sentence-transformers/LaBSE,fr,linear,QM_minus_MQ,4,4.185077884496886,0.9992236440239968,0.9998801193341583,8.390422382375371e-05,0.000999000999000999,0.012303317297263881,-0.01664226679758064,-0.01957880005159206,0.0171434390070724
sentence-transformers/LaBSE,fr,linear,QT_minus_TQ,4,4.984404107449728,0.9980937236992203,0.9998745936025054,9.317747374207612e-05,0.000999000999000999,0.03616076050852803,-0.01732780540036269,0.007319197939356837,-0.042914470926826064
sentence-transformers/LaBSE,fr,linear,MT_minus_TM,4,4.30612504273966,0.9932802055937561,0.9998786108468587,8.411025556410465e-05,0.000999000999000999,0.04405083335995494,0.012261847293967915,0.015585161141232338,-0.0855398205647464
sentence-transformers/LaBSE,fr,affine,NQ_minus_QN,4,4.519033871312381,0.9942116752203005,0.9998756961366206,8.692375392089482e-05,0.000999000999000999,-0.04979486166136238,0.08738974372541715,-0.004896821780861766,-0.01722439145934066
sentence-transformers/LaBSE,fr,affine,NM_minus_MN,4,4.796717115491049,0.9948951061690173,0.999877741999807,8.419890479727184e-05,0.000999000999000999,0.07940775256399499,-0.019026075687969983,-0.0541725298806263,-0.01642969686550721
sentence-transformers/LaBSE,fr,affine,NT_minus_TN,4,4.499787640810918,0.9994974207992534,0.9998808476865132,8.469422453593711e-05,0.002997002997002997,-0.008377662417967759,-0.004065117018474482,0.015320564198559292,-0.013465245044684507
sentence-transformers/LaBSE,fr,affine,QM_minus_MQ,4,4.189996910166544,0.9987961295043725,0.9998810577290849,8.383585975701605e-05,0.000999000999000999,0.012780178260667425,-0.02516639849755695,-0.021731885459407924,0.021454990296132584
sentence-transformers/LaBSE,fr,affine,QT_minus_TQ,4,4.816123496477355,0.9985320722077912,0.9998758225645206,8.68391195099874e-05,0.000999000999000999,0.03235514831270534,-0.025355314301963368,0.00506822027104067,-0.028773310343661485
sentence-transformers/LaBSE,fr,affine,MT_minus_TM,4,4.275207468370311,0.9936846581372968,0.9998714581187506,9.032141565110933e-05,0.000999000999000999,0.03909727293468132,0.010654946675327591,0.02030211966102883,-0.08300258710084313
sentence-transformers/LaBSE,de,linear,NQ_minus_QN,4,5.286787910398952,0.983378700087502,0.9998749417886375,8.346124312253924e-05,0.000999000999000999,-0.08670250189944018,0.148343059931502,0.0012287412400791321,-0.040596672810852046
sentence-transformers/LaBSE,de,linear,NM_minus_MN,4,4.833316941516261,0.9982375068202912,0.999876378579728,8.420791757806564e-05,0.000999000999000999,0.038952922257635164,-0.004317563692076646,-0.038793591699941926,-0.0015005129537149213
sentence-transformers/LaBSE,de,linear,NT_minus_TN,4,4.875086877276166,0.9972741845893616,0.9998819206204973,8.530399846292663e-05,0.000999000999000999,-0.0467388040292701,-0.01973931322666845,0.009388324431533751,0.03307433578930372
sentence-transformers/LaBSE,de,linear,QM_minus_MQ,4,4.772236471205955,0.9917985679031849,0.9998776187026558,8.64945843758332e-05,0.000999000999000999,0.04129219316839445,-0.08774889147468168,-0.01608020799938628,0.061789541019470304
sentence-transformers/LaBSE,de,linear,QT_minus_TQ,4,5.602657896254521,0.9926056329678725,0.9998824999889946,8.207870425701354e-05,0.000999000999000999,0.011538315421836953,-0.10554108126374781,0.015982430521151773,0.0540460345125636
sentence-transformers/LaBSE,de,linear,MT_minus_TM,4,4.128622115534537,0.9940499794011975,0.9998748858112205,9.109529191771133e-05,0.000999000999000999,0.01979423886474276,-0.0019466942995653748,0.04397137396460901,-0.0705572442434299
sentence-transformers/LaBSE,de,affine,NQ_minus_QN,4,5.408485622812397,0.9759319737368135,0.9998794827415097,8.136641044203753e-05,0.000999000999000999,-0.09280956983619194,0.1904511459547078,-0.008332434827832422,-0.04989862389510253
sentence-transformers/LaBSE,de,affine,NM_minus_MN,4,4.941919904592999,0.9989498800524808,0.9998832096560313,8.696148228760812e-05,0.000999000999000999,0.022844429118322275,-0.015800276732278438,-0.031872766521558606,0.01427158865745805
sentence-transformers/LaBSE,de,affine,NT_minus_TN,4,4.945346331734172,0.9954402569051122,0.9998787546220032,8.690542539968685e-05,0.000999000999000999,-0.07061633310531071,-0.012517166397983096,0.017008284049906553,0.03994791828081257
sentence-transformers/LaBSE,de,affine,QM_minus_MQ,4,4.851682296520295,0.9909416889539059,0.9998753738988448,8.691453346769762e-05,0.000999000999000999,0.03843330366926293,-0.09994232667228861,-0.007759837983658327,0.0649471737465455
sentence-transformers/LaBSE,de,affine,QT_minus_TQ,4,5.64676982680886,0.993171908678528,0.9998755428149675,8.880118031884104e-05,0.000999000999000999,0.0011989168914011863,-0.10175318965366384,0.01944205643116647,0.06188214987270811
sentence-transformers/LaBSE,de,affine,MT_minus_TM,4,4.156966279968258,0.9947810933184035,0.9998826855108095,8.107209698080754e-05,0.000999000999000999,0.015156080736631456,-0.006354023216700994,0.04386717373553934,-0.06363772700241017
sentence-transformers/LaBSE,ru,linear,NQ_minus_QN,4,5.849198676529264,0.986719734864652,0.9998800187327818,8.168288611168175e-05,0.000999000999000999,-0.07438221020730273,0.1473696865044551,-0.015468327567042736,-0.022340503298674104
sentence-transformers/LaBSE,ru,linear,NM_minus_MN,4,5.545437106130464,0.9962905500737018,0.9998748965526173,8.93603818870502e-05,0.000999000999000999,0.03460047531104521,-0.008422275304828909,-0.0736445077879949,0.023802143440739432
sentence-transformers/LaBSE,ru,linear,NT_minus_TN,4,5.4237848884117765,0.9972427804680862,0.9998772450381639,8.929110605090824e-05,0.000999000999000999,-0.04933771650612708,-0.016833826347185842,-7.722268897613056e-05,0.03214578127549184
sentence-transformers/LaBSE,ru,linear,QM_minus_MQ,4,5.104521703458057,0.9896361176959447,0.9998757236280293,8.681507384732717e-05,0.000999000999000999,0.05512795617330083,-0.1076916764888611,-0.01894508269575011,0.06021472274086541
sentence-transformers/LaBSE,ru,linear,QT_minus_TQ,4,5.894994296684977,0.986804797366547,0.9998770312091032,8.830163254641417e-05,0.000999000999000999,0.05432015341860736,-0.15023816462193085,0.028278286002159793,0.029862536021617796
sentence-transformers/LaBSE,ru,linear,MT_minus_TM,4,4.411439713862219,0.9929531952211101,0.9998852959486734,7.950955439283458e-05,0.000999000999000999,0.005170997404438333,0.011722771427042776,0.04849415083317598,-0.07910602423402799
sentence-transformers/LaBSE,ru,affine,NQ_minus_QN,4,5.982135114293728,0.980428492799694,0.9998788797967657,8.320114618135525e-05,0.000999000999000999,-0.0713628801926216,0.18858992479284153,-0.024811450508098385,-0.0363228947406485
sentence-transformers/LaBSE,ru,affine,NM_minus_MN,4,5.434312829412602,0.9971582596857097,0.9998802933230241,8.441448425080483e-05,0.000999000999000999,0.028038512519194283,-0.012397495480287533,-0.06172141753649664,0.028113598571500163
sentence-transformers/LaBSE,ru,affine,NT_minus_TN,4,5.5190936956211925,0.9974873625154606,0.9998787213849559,8.989246765258575e-05,0.000999000999000999,-0.05436201897970191,-0.006771275006831213,0.001792673721548937,0.030280291041139922
sentence-transformers/LaBSE,ru,affine,QM_minus_MQ,4,5.087859600008917,0.990176527562115,0.9998778903246476,8.83514471089947e-05,0.000999000999000999,0.051532738555946006,-0.10638552620343708,-0.020112057744297047,0.061897458933526266
sentence-transformers/LaBSE,ru,affine,QT_minus_TQ,4,5.788537208661499,0.9876746646432274,0.9998805209007353,8.587749592176401e-05,0.000999000999000999,0.05230524106615048,-0.14648529443041933,0.022896735840806794,0.03623488486816542
sentence-transformers/LaBSE,ru,affine,MT_minus_TM,4,4.39495999058943,0.9939156824093995,0.9998743300246218,9.026225363535267e-05,0.000999000999000999,-0.00010537005090086661,0.005295671407803286,0.0512524706522677,-0.06892724972947975
sentence-transformers/LaBSE,zh,linear,NQ_minus_QN,4,5.795779313918592,0.9847429840905508,0.9998772798513842,8.416557579786053e-05,0.000999000999000999,-0.12970511694228107,0.13788167870729287,0.020212174887863338,-0.02145860410992388
sentence-transformers/LaBSE,zh,linear,NM_minus_MN,4,5.239175835359392,0.9974858551013592,0.9998737175212643,8.757694232174517e-05,0.000999000999000999,0.026429226896994198,0.00765140899642878,-0.05921211303922962,0.0027806754214596096
sentence-transformers/LaBSE,zh,linear,NT_minus_TN,4,5.468798351902084,0.9956202369700563,0.9998762241966516,8.943182958424238e-05,0.000999000999000999,-0.07328405075147097,-0.011626681502641945,0.01969013482590459,0.04821728709632583
sentence-transformers/LaBSE,zh,linear,QM_minus_MQ,4,5.100927242351893,0.9956429567061704,0.9998751892134344,8.845211004638001e-05,0.000999000999000999,0.04178657461280663,-0.05432148759885639,-0.031593093354009096,0.04835309313681717
sentence-transformers/LaBSE,zh,linear,QT_minus_TQ,4,5.734971392585782,0.9927692446690399,0.9998744239391022,8.778124545671303e-05,0.000999000999000999,0.0642096516143028,-0.10848468608191544,-4.800372480554589e-05,0.021667165055858903
sentence-transformers/LaBSE,zh,linear,MT_minus_TM,4,4.579174284533194,0.9936723814757998,0.9998786108900211,8.504352681160628e-05,0.000999000999000999,0.029366020298764086,-0.001930957874299758,0.04333802475313086,-0.07699598370251498
sentence-transformers/LaBSE,zh,affine,NQ_minus_QN,4,5.938976152237643,0.982514434822119,0.9998753344997973,8.769759978433689e-05,0.000999000999000999,-0.12302144269338683,0.1714952873734682,0.009487133018167466,-0.029875615639552832
sentence-transformers/LaBSE,zh,affine,NM_minus_MN,4,5.3550174120004215,0.9981475393494161,0.9998763769381638,8.676857129909793e-05,0.000999000999000999,0.01599187382899882,0.0050763347302218605,-0.05377150463857865,0.011299369492313811
sentence-transformers/LaBSE,zh,affine,NT_minus_TN,4,5.526106683212421,0.9953565706608214,0.9998815890516316,8.474145540062526e-05,0.000999000999000999,-0.08070632091922636,-0.0027107352426029574,0.022504923182546138,0.05059952671085308
sentence-transformers/LaBSE,zh,affine,QM_minus_MQ,4,5.1720655191444544,0.9959956952601545,0.9998734077990907,9.05385196477867e-05,0.000999000999000999,0.04043594882271156,-0.05196896132043893,-0.03690015323830727,0.04738536018825829
sentence-transformers/LaBSE,zh,affine,QT_minus_TQ,4,5.656656228353727,0.994131146684398,0.9998796191177383,8.959699512809782e-05,0.000999000999000999,0.06086434898198746,-0.09826320865656385,0.0012478426114783722,0.01892681244057954
sentence-transformers/LaBSE,zh,affine,MT_minus_TM,4,4.532330938519604,0.9948378370766418,0.9998737575355185,8.853556263907627e-05,0.000999000999000999,0.023643711715609358,-0.009821278481568104,0.04322418952559593,-0.06520402250267136
sentence-transformers/LaBSE,ar,linear,NQ_minus_QN,4,5.574101609454264,0.9856140896341046,0.9998795785439497,8.905495167513898e-05,0.000999000999000999,-0.08346770587023501,0.14439602418432576,-0.007314207624918334,-0.035282128787262904
sentence-transformers/LaBSE,ar,linear,NM_minus_MN,4,5.87642452903174,0.9977460003932197,0.9998762645942015,8.527916632124574e-05,0.000999000999000999,0.049715563104670124,-0.023161439286294702,-0.04139595919232489,-0.009242536154095062
sentence-transformers/LaBSE,ar,linear,NT_minus_TN,4,5.615559727276749,0.9973868292415573,0.999880683709961,8.485973582640927e-05,0.000999000999000999,-0.04052750276540014,-0.02799071972050494,-0.0045197177809741616,0.044576043068158946
sentence-transformers/LaBSE,ar,linear,QM_minus_MQ,4,5.263409915139857,0.9900597610557674,0.999875339890578,9.275090615232447e-05,0.000999000999000999,0.03997013752400684,-0.11282952133815355,-0.01475233121660663,0.06099102180688097
sentence-transformers/LaBSE,ar,linear,QT_minus_TQ,4,5.684890894869689,0.989520672140585,0.99987559073846,9.107781944600612e-05,0.000999000999000999,0.03705618640044171,-0.13058941632868765,0.013326516349821812,0.05186635742752243
sentence-transformers/LaBSE,ar,linear,MT_minus_TM,4,4.781775422309528,0.996027688235126,0.9998771931098668,8.450723184462142e-05,0.000999000999000999,0.02514950388096389,0.014450687195471055,0.012983048749949865,-0.06863038411753769
sentence-transformers/LaBSE,ar,affine,NQ_minus_QN,4,5.658559917603627,0.9799038897691418,0.9998764414530887,8.596684152264998e-05,0.000999000999000999,-0.0905959232791795,0.17974187049343504,-0.010438123836469243,-0.03792583055427917
sentence-transformers/LaBSE,ar,affine,NM_minus_MN,4,5.791998084402081,0.9985826591990518,0.9998797021644812,8.560665077185494e-05,0.000999000999000999,0.03328259837862257,-0.02513131609034929,-0.03428239533494655,0.0030513213673467056
sentence-transformers/LaBSE,ar,affine,NT_minus_TN,4,5.605424731538652,0.9971776873675331,0.9998807341591489,8.397318575959845e-05,0.000999000999000999,-0.05286547121596145,-0.015441453569065703,-0.000285198363719396,0.046737158546958764
sentence-transformers/LaBSE,ar,affine,QM_minus_MQ,4,5.248856425270285,0.9907648341944392,0.9998784898320705,8.068819706504562e-05,0.000999000999000999,0.03858681979739062,-0.11028886318543005,-0.01715312625510585,0.05857564740357317
sentence-transformers/LaBSE,ar,affine,QT_minus_TQ,4,5.581223873976551,0.9909338240296994,0.9998748343452267,8.720495192945746e-05,0.000999000999000999,0.0352605741970268,-0.12138416451877336,0.010584778305598097,0.05369814607204674
sentence-transformers/LaBSE,ar,affine,MT_minus_TM,4,4.698982826717382,0.9972161096905305,0.9998765628365697,8.926654102544193e-05,0.000999000999000999,0.016694774274198413,0.010018525190400125,0.015923228276092872,-0.05663833668431827
